1.000857353210449219e-02,8.499625421507945475e+02,5.000000000000000000e+02,8.499999997956847437e+02,5.000000000000000000e+02,3.745764489019620669e-02
2.381713390350341797e-01,8.491086256124303873e+02,5.000000000000000000e+02,8.499997827298070661e+02,5.000000000000000000e+02,8.911571173766787979e-01
2.481777667999267578e-01,8.490711757939222935e+02,5.000000000000000000e+02,8.499997584642151196e+02,5.000000000000000000e+02,9.285826702928261511e-01
2.581846714019775391e-01,8.490337241908148371e+02,5.000000000000000000e+02,8.499997324330181527e+02,5.000000000000000000e+02,9.660082422033156035e-01
2.681920528411865234e-01,8.489962708031079046e+02,5.000000000000000000e+02,8.499997045640720899e+02,5.000000000000000000e+02,1.003433760964185240e+00
2.781991958618164062e-01,8.489588183077006533e+02,5.000000000000000000e+02,8.499996747861172253e+02,5.000000000000000000e+02,1.040856478416571917e+00
2.882061004638671875e-01,8.489213667045931970e+02,5.000000000000000000e+02,8.499996430248143042e+02,5.000000000000000000e+02,1.078276320221107198e+00
2.982134819030761719e-01,8.488839133168862645e+02,5.000000000000000000e+02,8.499996092020486458e+02,5.000000000000000000e+02,1.115695885162381273e+00
3.082201480865478516e-01,8.488464626060784894e+02,5.000000000000000000e+02,8.499995732448630861e+02,5.000000000000000000e+02,1.153110638784596631e+00
3.182275295257568359e-01,8.488090092183715569e+02,5.000000000000000000e+02,8.499995350697577123e+02,5.000000000000000000e+02,1.190525851386155409e+00
3.282351493835449219e-01,8.487715549383649432e+02,5.000000000000000000e+02,8.499994945985753247e+02,5.000000000000000000e+02,1.227939660210381589e+00
3.382418155670166016e-01,8.487341042275571681e+02,5.000000000000000000e+02,8.499994517554405320e+02,5.000000000000000000e+02,1.265347527883363909e+00
3.482489585876464844e-01,8.486966517321499168e+02,5.000000000000000000e+02,8.499994064521611108e+02,5.000000000000000000e+02,1.302754720011193967e+00
3.582558631896972656e-01,8.486592001290424605e+02,5.000000000000000000e+02,8.499993586083600121e+02,5.000000000000000000e+02,1.340158479317551610e+00
3.682630062103271484e-01,8.486217476336352092e+02,5.000000000000000000e+02,8.499993081369332231e+02,5.000000000000000000e+02,1.377560503298013828e+00
3.782701492309570312e-01,8.485842951382279580e+02,5.000000000000000000e+02,8.499992549528705013e+02,5.000000000000000000e+02,1.414959814642543279e+00
3.882939815521240234e-01,8.485467801818415410e+02,5.000000000000000000e+02,8.499991988730045023e+02,5.000000000000000000e+02,1.452418691162961295e+00
3.992850780487060547e-01,8.485056451655626688e+02,5.000000000000000000e+02,8.499991340467054215e+02,5.000000000000000000e+02,1.493488881142752689e+00
4.092919826507568359e-01,8.484681935624552125e+02,5.000000000000000000e+02,8.499990718937492602e+02,5.000000000000000000e+02,1.530878331294047712e+00
4.192991256713867188e-01,8.484307410670479612e+02,5.000000000000000000e+02,8.499990066601037597e+02,5.000000000000000000e+02,1.568265593055798490e+00
4.293062686920166016e-01,8.483932885716407100e+02,5.000000000000000000e+02,8.499989382544980572e+02,5.000000000000000000e+02,1.605649682857347216e+00
4.393134117126464844e-01,8.483558360762334587e+02,5.000000000000000000e+02,8.499988665829230285e+02,5.000000000000000000e+02,1.643030506689569847e+00
4.493207931518554688e-01,8.483183826885265262e+02,5.000000000000000000e+02,8.499987915482479366e+02,5.000000000000000000e+02,1.680408859721410408e+00
4.593274593353271484e-01,8.482809319777187511e+02,5.000000000000000000e+02,8.499987130612744295e+02,5.000000000000000000e+02,1.717781083555678379e+00
4.693346023559570312e-01,8.482434794823114999e+02,5.000000000000000000e+02,8.499986310148894972e+02,5.000000000000000000e+02,1.755151532577997386e+00
4.793415069580078125e-01,8.482060278792040435e+02,5.000000000000000000e+02,8.499985453156537005e+02,5.000000000000000000e+02,1.792517436449656998e+00
4.893488883972167969e-01,8.481685744914971110e+02,5.000000000000000000e+02,8.499984558568329476e+02,5.000000000000000000e+02,1.829881365335836563e+00
4.993562698364257812e-01,8.481311211037901785e+02,5.000000000000000000e+02,8.499983625406459851e+02,5.000000000000000000e+02,1.867241436855806569e+00
5.093629360198974609e-01,8.480936703929824034e+02,5.000000000000000000e+02,8.499982652711196351e+02,5.000000000000000000e+02,1.904594878137231717e+00
5.193705558776855469e-01,8.480562161129757897e+02,5.000000000000000000e+02,8.499981639275274574e+02,5.000000000000000000e+02,1.941947814551667761e+00
5.293772220611572266e-01,8.480187654021680146e+02,5.000000000000000000e+02,8.499980584235419201e+02,5.000000000000000000e+02,1.979293021373905503e+00
5.393853187561035156e-01,8.479813093375620383e+02,5.000000000000000000e+02,8.499979486267684479e+02,5.000000000000000000e+02,2.016639289206409558e+00
5.493924617767333984e-01,8.479438568421547870e+02,5.000000000000000000e+02,8.499978344548146652e+02,5.000000000000000000e+02,2.053977612659878105e+00
5.593993663787841797e-01,8.479064052390473307e+02,5.000000000000000000e+02,8.499977157907756009e+02,5.000000000000000000e+02,2.091310551728270184e+00
5.694057941436767578e-01,8.478689554205392369e+02,5.000000000000000000e+02,8.499975925271539836e+02,5.000000000000000000e+02,2.128637106614746699e+00
5.794298648834228516e-01,8.478314395718531387e+02,5.000000000000000000e+02,8.499974643164273402e+02,5.000000000000000000e+02,2.166024744574201577e+00
5.894374847412109375e-01,8.477939852918465249e+02,5.000000000000000000e+02,8.499973314802446112e+02,5.000000000000000000e+02,2.203346188398086269e+00
6.004288196563720703e-01,8.477528493832679715e+02,5.000000000000000000e+02,8.499971798824060443e+02,5.000000000000000000e+02,2.244330499138072810e+00
6.104512214660644531e-01,8.477153397806798694e+02,5.000000000000000000e+02,8.499970363173430314e+02,5.000000000000000000e+02,2.281696536663162078e+00
6.204583644866943359e-01,8.476778872852726181e+02,5.000000000000000000e+02,8.499968877756709844e+02,5.000000000000000000e+02,2.319000490398366310e+00
6.304650306701660156e-01,8.476404365744648430e+02,5.000000000000000000e+02,8.499967339314594028e+02,5.000000000000000000e+02,2.356297356994559777e+00
6.404724121093750000e-01,8.476029831867579105e+02,5.000000000000000000e+02,8.499965746461832623e+02,5.000000000000000000e+02,2.393591459425351786e+00
6.504790782928466797e-01,8.475655324759501354e+02,5.000000000000000000e+02,8.499964098213208672e+02,5.000000000000000000e+02,2.430877345370731746e+00
6.604876518249511719e-01,8.475280746267446830e+02,5.000000000000000000e+02,8.499962392900596342e+02,5.000000000000000000e+02,2.468164663314951213e+00
6.714780330657958984e-01,8.474869422873649683e+02,5.000000000000000000e+02,8.499960453448230737e+02,5.000000000000000000e+02,2.509103057458105468e+00
6.814851760864257812e-01,8.474494897919577170e+02,5.000000000000000000e+02,8.499958625279932676e+02,5.000000000000000000e+02,2.546372736035550588e+00
6.914923191070556641e-01,8.474120372965504657e+02,5.000000000000000000e+02,8.499956736492140408e+02,5.000000000000000000e+02,2.583636352663575053e+00
7.014994621276855469e-01,8.473745848011432145e+02,5.000000000000000000e+02,8.499954785805909978e+02,5.000000000000000000e+02,2.620893779447783345e+00
7.115225791931152344e-01,8.473370725216559549e+02,5.000000000000000000e+02,8.499952768663472398e+02,5.000000000000000000e+02,2.658204344691284859e+00
7.215299606323242188e-01,8.472621657462422036e+02,5.000000000000000000e+02,8.499950690137497986e+02,5.000000000000000000e+02,2.732903267507595046e+00
7.315382957458496094e-01,8.471872518324307748e+02,5.000000000000000000e+02,8.499948545585840520e+02,5.000000000000000000e+02,2.807602726153277217e+00
7.415452003479003906e-01,8.470748970231082922e+02,5.000000000000000000e+02,8.499946334193300572e+02,5.000000000000000000e+02,2.919736396221765062e+00
7.515506744384765625e-01,8.469251120258711580e+02,5.000000000000000000e+02,8.499944054645427514e+02,5.000000000000000000e+02,3.069293438671593321e+00
7.615602016448974609e-01,8.467752663522542207e+02,5.000000000000000000e+02,8.499941704309005672e+02,5.000000000000000000e+02,3.218904078646346534e+00
7.715675830841064453e-01,8.465692727198662624e+02,5.000000000000000000e+02,8.499939283249875643e+02,5.000000000000000000e+02,3.424655605121301960e+00
7.825567722320556641e-01,8.462813775746976717e+02,5.000000000000000000e+02,8.499936540976984816e+02,5.000000000000000000e+02,3.712276523000809902e+00
7.925636768341064453e-01,8.460192163529452500e+02,5.000000000000000000e+02,8.499933966108405912e+02,5.000000000000000000e+02,3.974180257895341128e+00
8.025882244110107422e-01,8.456815576533759895e+02,5.000000000000000000e+02,8.499931310962404041e+02,5.000000000000000000e+02,4.311573442864414574e+00
8.125963211059570312e-01,8.453444530719219756e+02,5.000000000000000000e+02,8.499928583130920288e+02,5.000000000000000000e+02,4.648405241170053159e+00
8.226017951965332031e-01,8.449325443295199420e+02,5.000000000000000000e+02,8.499925777629098320e+02,5.000000000000000000e+02,5.060033433389889979e+00
8.336112499237060547e-01,8.443350903408590966e+02,5.000000000000000000e+02,8.499922598319078588e+02,5.000000000000000000e+02,5.657169491048762211e+00
8.436174392700195312e-01,8.437920809108375124e+02,5.000000000000000000e+02,8.499919623258389265e+02,5.000000000000000000e+02,6.199881415001414098e+00
8.536250591278076172e-01,8.430991767307153850e+02,5.000000000000000000e+02,8.499916564837252508e+02,5.000000000000000000e+02,6.892479753009865817e+00
8.646149635314941406e-01,8.421943045255482048e+02,5.000000000000000000e+02,8.499913108897405891e+02,5.000000000000000000e+02,7.797006364192384353e+00
8.746223449707031250e-01,8.413703299959963715e+02,5.000000000000000000e+02,8.499909871677614319e+02,5.000000000000000000e+02,8.620657171765060411e+00
8.846292495727539062e-01,8.403591367120940276e+02,5.000000000000000000e+02,8.499906547027396755e+02,5.000000000000000000e+02,9.631517990645647842e+00
8.946526050567626953e-01,8.391774718008048239e+02,5.000000000000000000e+02,8.499903127579868851e+02,5.000000000000000000e+02,1.081284095718206117e+01
9.056444168090820312e-01,8.378816344656994488e+02,5.000000000000000000e+02,8.499899273128080495e+02,5.000000000000000000e+02,1.210829284710860065e+01
9.156513214111328125e-01,8.365521025553833852e+02,5.000000000000000000e+02,8.499895667194924727e+02,5.000000000000000000e+02,1.343746416410908751e+01
9.256584644317626953e-01,8.352225389684278980e+02,5.000000000000000000e+02,8.499891967241082966e+02,5.000000000000000000e+02,1.476665775568039862e+01
9.356653690338134766e-01,8.337993780503430798e+02,5.000000000000000000e+02,8.499888171861393857e+02,5.000000000000000000e+02,1.618943913579630589e+01
9.456727504730224609e-01,8.323386959297739622e+02,5.000000000000000000e+02,8.499884279186657068e+02,5.000000000000000000e+02,1.764973198889174455e+01
9.556908607482910156e-01,8.308764478232272950e+02,5.000000000000000000e+02,8.499880283455213430e+02,5.000000000000000000e+02,1.911158052229404802e+01
9.667036533355712891e-01,8.292690154167088394e+02,5.000000000000000000e+02,8.499875774897418523e+02,5.000000000000000000e+02,2.071856207303301289e+01
9.767107963562011719e-01,8.278083680958282002e+02,5.000000000000000000e+02,8.499871570831202234e+02,5.000000000000000000e+02,2.217878898729202319e+01
9.877200126647949219e-01,8.262014576846356704e+02,5.000000000000000000e+02,8.499866825826943568e+02,5.000000000000000000e+02,2.378522489805868645e+01
9.977254867553710938e-01,8.247410539615736980e+02,5.000000000000000000e+02,8.499862402621877209e+02,5.000000000000000000e+02,2.524518630061402291e+01
1.008717060089111328e+00,8.231367187273220907e+02,5.000000000000000000e+02,8.499857419790173481e+02,5.000000000000000000e+02,2.684902325169525739e+01
1.018741369247436523e+00,8.216735658288771447e+02,5.000000000000000000e+02,8.499852760705890660e+02,5.000000000000000000e+02,2.831171024171192130e+01
1.028750181198120117e+00,8.202126749101777250e+02,5.000000000000000000e+02,8.499847997854585628e+02,5.000000000000000000e+02,2.977212487528083784e+01
1.038756370544433594e+00,8.187521667880506584e+02,5.000000000000000000e+02,8.499843123695268332e+02,5.000000000000000000e+02,3.123214558147617481e+01
1.049763441085815430e+00,8.171455695740536385e+02,5.000000000000000000e+02,8.499837629940350325e+02,5.000000000000000000e+02,3.283819341998139407e+01
1.059770822525024414e+00,8.156848874534845208e+02,5.000000000000000000e+02,8.499832513187104723e+02,5.000000000000000000e+02,3.429836386522595149e+01
1.069777488708496094e+00,8.142243097319806111e+02,5.000000000000000000e+02,8.499827278846174750e+02,5.000000000000000000e+02,3.575841815263686385e+01
1.079783916473388672e+00,8.127450419009110192e+02,5.000000000000000000e+02,8.499821924917544038e+02,5.000000000000000000e+02,3.723715059084338463e+01
1.089794158935546875e+00,8.112652101364295731e+02,5.000000000000000000e+02,8.499816447386862137e+02,5.000000000000000000e+02,3.871643460225664057e+01
1.099801540374755859e+00,8.097858013220070461e+02,5.000000000000000000e+02,8.499810848095569327e+02,5.000000000000000000e+02,4.019528348754988656e+01
1.109805583953857422e+00,8.083068859493199625e+02,5.000000000000000000e+02,8.499805125619309365e+02,5.000000000000000000e+02,4.167362661261097401e+01
1.120796680450439453e+00,8.066820528063057054e+02,5.000000000000000000e+02,8.499798692222768750e+02,5.000000000000000000e+02,4.329781641597116959e+01
1.130804061889648438e+00,8.052026439918831784e+02,5.000000000000000000e+02,8.499792699399968114e+02,5.000000000000000000e+02,4.477662594811363306e+01
1.140810966491699219e+00,8.037233056691371758e+02,5.000000000000000000e+02,8.499786576077730160e+02,5.000000000000000000e+02,4.625535193863584027e+01
1.150835990905761719e+00,8.022412886626846102e+02,5.000000000000000000e+02,8.499780308664919630e+02,5.000000000000000000e+02,4.773674220380735278e+01
1.160843133926391602e+00,8.007619150941003454e+02,5.000000000000000000e+02,8.499773917788700146e+02,5.000000000000000000e+02,4.921547668476966919e+01
1.171833038330078125e+00,7.991372581802773993e+02,5.000000000000000000e+02,8.499766742057898909e+02,5.000000000000000000e+02,5.083941602551249161e+01
1.181858539581298828e+00,7.976551706821484231e+02,5.000000000000000000e+02,8.499760050398790554e+02,5.000000000000000000e+02,5.232083435773063229e+01
1.191864728927612305e+00,7.961759380969170934e+02,5.000000000000000000e+02,8.499753231112018739e+02,5.000000000000000000e+02,5.379938501428478048e+01
1.202872514724731445e+00,7.945280390065968277e+02,5.000000000000000000e+02,8.499745564767457608e+02,5.000000000000000000e+02,5.544651747014893317e+01
1.212879657745361328e+00,7.930299391903089372e+02,5.000000000000000000e+02,8.499738443694761827e+02,5.000000000000000000e+02,5.694390517916724548e+01
1.222940444946289062e+00,7.915049820452796894e+02,5.000000000000000000e+02,8.499731136844999355e+02,5.000000000000000000e+02,5.846813163922024614e+01
1.233931779861450195e+00,7.898389777478487304e+02,5.000000000000000000e+02,8.499722982651823031e+02,5.000000000000000000e+02,6.013332051733357275e+01
1.243938922882080078e+00,7.883221516838572143e+02,5.000000000000000000e+02,8.499715400698863732e+02,5.000000000000000000e+02,6.164938838602915894e+01
1.253946065902709961e+00,7.867865993721621862e+02,5.000000000000000000e+02,8.499707666182413277e+02,5.000000000000000000e+02,6.318416724607914148e+01
1.263973712921142578e+00,7.852479008117165904e+02,5.000000000000000000e+02,8.499699760772563195e+02,5.000000000000000000e+02,6.472207526553972912e+01
1.274961233139038086e+00,7.835619139086011273e+02,5.000000000000000000e+02,8.499690918030134981e+02,5.000000000000000000e+02,6.640717789441237073e+01
1.284968137741088867e+00,7.820263981811938265e+02,5.000000000000000000e+02,8.499682697958752442e+02,5.000000000000000000e+02,6.794187161468141767e+01
1.294975280761718750e+00,7.805282983649059361e+02,5.000000000000000000e+02,8.499674316824782636e+02,5.000000000000000000e+02,6.943913331757232754e+01
1.304982423782348633e+00,7.790301985486180456e+02,5.000000000000000000e+02,8.499665772763572704e+02,5.000000000000000000e+02,7.093637872773922481e+01
1.314989566802978516e+00,7.775695512277374064e+02,5.000000000000000000e+02,8.499657063703596123e+02,5.000000000000000000e+02,7.239615514262220586e+01
1.325014352798461914e+00,7.761063287299157309e+02,5.000000000000000000e+02,8.499648171762651145e+02,5.000000000000000000e+02,7.385848844634938359e+01
1.336004495620727539e+00,7.745638994644145896e+02,5.000000000000000000e+02,8.499638228383589649e+02,5.000000000000000000e+02,7.539992337394437527e+01
1.346011400222778320e+00,7.731781901494373415e+02,5.000000000000000000e+02,8.499628994746603894e+02,5.000000000000000000e+02,7.678470932522304793e+01
1.356018543243408203e+00,7.717924478193710911e+02,5.000000000000000000e+02,8.499619587264642178e+02,5.000000000000000000e+02,7.816951090709312666e+01
1.366027355194091797e+00,7.704813918666920927e+02,5.000000000000000000e+02,8.499610002405214573e+02,5.000000000000000000e+02,7.947960837382936461e+01
1.376032829284667969e+00,7.693018350134497041e+02,5.000000000000000000e+02,8.499600242857025023e+02,5.000000000000000000e+02,8.065818927225279822e+01
1.386039972305297852e+00,7.681220814081229946e+02,5.000000000000000000e+02,8.499590301617773775e+02,5.000000000000000000e+02,8.183694875365438293e+01
1.396046876907348633e+00,7.670547107195593526e+02,5.000000000000000000e+02,8.499580178367680219e+02,5.000000000000000000e+02,8.290330711720866930e+01
1.406054019927978516e+00,7.659873146004542832e+02,5.000000000000000000e+02,8.499569870435310577e+02,5.000000000000000000e+02,8.396967244307677447e+01
1.416061162948608398e+00,7.649948234721636027e+02,5.000000000000000000e+02,8.499559375857664918e+02,5.000000000000000000e+02,8.496111411360288912e+01
1.426068544387817383e+00,7.641333955549049506e+02,5.000000000000000000e+02,8.499548692163015176e+02,5.000000000000000000e+02,8.582147366139656697e+01
1.436075210571289062e+00,7.632720292063257830e+02,5.000000000000000000e+02,8.499537818155287141e+02,5.000000000000000000e+02,8.668175260920293113e+01
1.446082353591918945e+00,7.625229792981818946e+02,5.000000000000000000e+02,8.499526750305199130e+02,5.000000000000000000e+02,8.742969573233801839e+01
1.456089735031127930e+00,7.620173585641387035e+02,5.000000000000000000e+02,8.499515486601972043e+02,5.000000000000000000e+02,8.793419009605850079e+01
1.466096878051757812e+00,7.615117498761414936e+02,5.000000000000000000e+02,8.499504025315661693e+02,5.000000000000000000e+02,8.843865265542467569e+01
1.476103782653808594e+00,7.612683144559428001e+02,5.000000000000000000e+02,8.499492364180979393e+02,5.000000000000000000e+02,8.868092196215513923e+01
1.486110925674438477e+00,7.610248732357960080e+02,5.000000000000000000e+02,8.499480500349883414e+02,5.000000000000000000e+02,8.892317679919233342e+01
1.496117830276489258e+00,7.609686958311347098e+02,5.000000000000000000e+02,8.499468432082458094e+02,5.000000000000000000e+02,8.897814737711109956e+01
1.506125211715698242e+00,7.609125157495743679e+02,5.000000000000000000e+02,8.499456156190482261e+02,5.000000000000000000e+02,8.903309986947385823e+01
1.516132354736328125e+00,7.608563370064636047e+02,5.000000000000000000e+02,8.499443671212752633e+02,5.000000000000000000e+02,8.908803011481165868e+01
1.526139259338378906e+00,7.610275756839531596e+02,5.000000000000000000e+02,8.499430974820236315e+02,5.000000000000000000e+02,8.891552179807047196e+01
1.536146163940429688e+00,7.612939794701201208e+02,5.000000000000000000e+02,8.499418064361154848e+02,5.000000000000000000e+02,8.864782696599536393e+01
1.546153545379638672e+00,7.615603959506445335e+02,5.000000000000000000e+02,8.499404936835071567e+02,5.000000000000000000e+02,8.838009773286262316e+01
1.556160449981689453e+00,7.619409100900296608e+02,5.000000000000000000e+02,8.499391591110256741e+02,5.000000000000000000e+02,8.799824902099601331e+01
1.566167831420898438e+00,7.623214423612236033e+02,5.000000000000000000e+02,8.499378023519035423e+02,5.000000000000000000e+02,8.761635999067993907e+01
1.576174736022949219e+00,7.627970484616238309e+02,5.000000000000000000e+02,8.499364232945794129e+02,5.000000000000000000e+02,8.713937483295558195e+01
1.586181879043579102e+00,7.633297224295050682e+02,5.000000000000000000e+02,8.499350215991304367e+02,5.000000000000000000e+02,8.660529916962536845e+01
1.596189975738525391e+00,7.638624471608741260e+02,5.000000000000000000e+02,8.499335969178448522e+02,5.000000000000000000e+02,8.607114975697072623e+01
1.606197118759155273e+00,7.644521776647272873e+02,5.000000000000000000e+02,8.499321492774829494e+02,5.000000000000000000e+02,8.547997161275566214e+01
1.616204261779785156e+00,7.650610001633094726e+02,5.000000000000000000e+02,8.499306782973509371e+02,5.000000000000000000e+02,8.486967813404146455e+01
1.626211166381835938e+00,7.656698081567932377e+02,5.000000000000000000e+02,8.499291837660207420e+02,5.000000000000000000e+02,8.425937560922750436e+01
1.636218309402465820e+00,7.662595386606463990e+02,5.000000000000000000e+02,8.499276653636719630e+02,5.000000000000000000e+02,8.366812670302556398e+01
1.646241188049316406e+00,7.668501964799941106e+02,5.000000000000000000e+02,8.499261204311633264e+02,5.000000000000000000e+02,8.307592395116921580e+01
1.656249046325683594e+00,7.673448681111176484e+02,5.000000000000000000e+02,8.499245534551048422e+02,5.000000000000000000e+02,8.257968534398719385e+01
1.667255401611328125e+00,7.678470580225160802e+02,5.000000000000000000e+02,8.499228017339318058e+02,5.000000000000000000e+02,8.207574371141572556e+01
1.677262544631958008e+00,7.683036566091014947e+02,5.000000000000000000e+02,8.499211829412533916e+02,5.000000000000000000e+02,8.161752633215189690e+01
1.687271118164062500e+00,7.686652126457678378e+02,5.000000000000000000e+02,8.499195387877115309e+02,5.000000000000000000e+02,8.125432614194369307e+01
1.697278022766113281e+00,7.689696532163408165e+02,5.000000000000000000e+02,8.499178695268597039e+02,5.000000000000000000e+02,8.094821631051888744e+01
1.708268880844116211e+00,7.693040286538431474e+02,5.000000000000000000e+02,8.499160065797516381e+02,5.000000000000000000e+02,8.061197792590849076e+01
1.718275547027587891e+00,7.696084619709955632e+02,5.000000000000000000e+02,8.499142832666304912e+02,5.000000000000000000e+02,8.030582129563492799e+01
1.728282690048217773e+00,7.698748721043413070e+02,5.000000000000000000e+02,8.499125336885920206e+02,5.000000000000000000e+02,8.003766158425071353e+01
1.738308191299438477e+00,7.701417709704501249e+02,5.000000000000000000e+02,8.499107543827643667e+02,5.000000000000000000e+02,7.976898341231424183e+01
1.749297618865966797e+00,7.704134457766061814e+02,5.000000000000000000e+02,8.499087731946173108e+02,5.000000000000000000e+02,7.949532741801112934e+01
1.759304761886596680e+00,7.706227993739800013e+02,5.000000000000000000e+02,8.499069407788801982e+02,5.000000000000000000e+02,7.928414140490019690e+01
1.769312143325805664e+00,7.708321579591697628e+02,5.000000000000000000e+02,8.499050810536316476e+02,5.000000000000000000e+02,7.907292309446188483e+01
1.779319047927856445e+00,7.710415065687276410e+02,5.000000000000000000e+02,8.499031938857119712e+02,5.000000000000000000e+02,7.886168731698433021e+01
1.789326190948486328e+00,7.712508601661014609e+02,5.000000000000000000e+02,8.499012788728703072e+02,5.000000000000000000e+02,7.865041870676884628e+01
1.799333572387695312e+00,7.714411263016984321e+02,5.000000000000000000e+02,8.498993357434700329e+02,5.000000000000000000e+02,7.845820944177160072e+01
1.809340238571166992e+00,7.716123608993567586e+02,5.000000000000000000e+02,8.498973644137806787e+02,5.000000000000000000e+02,7.828500351442392002e+01
1.819347620010375977e+00,7.717836077365087704e+02,5.000000000000000000e+02,8.498953643297666076e+02,5.000000000000000000e+02,7.811175659325783727e+01
1.829354524612426758e+00,7.719168096295923078e+02,5.000000000000000000e+02,8.498933354551602406e+02,5.000000000000000000e+02,7.797652582556793277e+01
1.839361667633056641e+00,7.720500146962651797e+02,5.000000000000000000e+02,8.498912773711829232e+02,5.000000000000000000e+02,7.784126267491774342e+01
1.849368572235107422e+00,7.721832165893487172e+02,5.000000000000000000e+02,8.498891898998285797e+02,5.000000000000000000e+02,7.770597331047986245e+01
1.859375476837158203e+00,7.722974000902291891e+02,5.000000000000000000e+02,8.498870727150554103e+02,5.000000000000000000e+02,7.758967262482622118e+01
1.869382858276367188e+00,7.724115890320465496e+02,5.000000000000000000e+02,8.498849254351837317e+02,5.000000000000000000e+02,7.747333640313718206e+01
1.879390001296997070e+00,7.725067564080715101e+02,5.000000000000000000e+02,8.498827479326557750e+02,5.000000000000000000e+02,7.737599152458426488e+01
1.889397621154785156e+00,7.725829085672255587e+02,5.000000000000000000e+02,8.498805397694827661e+02,5.000000000000000000e+02,7.729763120225720741e+01
1.899404525756835938e+00,7.726590552837000132e+02,5.000000000000000000e+02,8.498783009272583513e+02,5.000000000000000000e+02,7.721924564355833809e+01
1.909411430358886719e+00,7.726971652157683366e+02,5.000000000000000000e+02,8.498760309654564935e+02,5.000000000000000000e+02,7.717886574968815694e+01
1.919436454772949219e+00,7.726972384958813791e+02,5.000000000000000000e+02,8.498737254031741486e+02,5.000000000000000000e+02,7.717648690729276950e+01
1.930426120758056641e+00,7.726973188272534117e+02,5.000000000000000000e+02,8.498711614368147593e+02,5.000000000000000000e+02,7.717384260956134767e+01
1.940433263778686523e+00,7.726785925795497860e+02,5.000000000000000000e+02,8.498687931294226701e+02,5.000000000000000000e+02,7.719020054987288404e+01
1.950440168380737305e+00,7.726598667779960579e+02,5.000000000000000000e+02,8.498663925814253162e+02,5.000000000000000000e+02,7.720652580342925830e+01
1.960464477539062500e+00,7.726411084075032250e+02,5.000000000000000000e+02,8.498639551860093206e+02,5.000000000000000000e+02,7.722284677850609569e+01
1.971455574035644531e+00,7.724765683423878500e+02,5.000000000000000000e+02,8.498612447866835282e+02,5.000000000000000000e+02,7.738467644429567827e+01
1.981462478637695312e+00,7.723267619299579110e+02,5.000000000000000000e+02,8.498587422650125518e+02,5.000000000000000000e+02,7.753198033505464082e+01
1.991469621658325195e+00,7.721582257006255077e+02,5.000000000000000000e+02,8.498562061871309652e+02,5.000000000000000000e+02,7.769798048650545752e+01
2.001476764678955078e+00,7.719709632235894787e+02,5.000000000000000000e+02,8.498536363165911780e+02,5.000000000000000000e+02,7.788267309300169927e+01
2.011483907699584961e+00,7.717837007465534498e+02,5.000000000000000000e+02,8.498510323564303235e+02,5.000000000000000000e+02,7.806733160987687370e+01
2.021506786346435547e+00,7.715961438106156720e+02,5.000000000000000000e+02,8.498483898325195014e+02,5.000000000000000000e+02,7.825224602190382939e+01
2.031513929367065430e+00,7.714088813335796431e+02,5.000000000000000000e+02,8.498457167422970997e+02,5.000000000000000000e+02,7.843683540871745663e+01
2.041521549224853516e+00,7.712216099335466879e+02,5.000000000000000000e+02,8.498430085334878186e+02,5.000000000000000000e+02,7.862139859994113067e+01
2.051528215408325195e+00,7.710343563795076989e+02,5.000000000000000000e+02,8.498402652936085815e+02,5.000000000000000000e+02,7.880590891410088261e+01
2.061537265777587891e+00,7.708470582104836240e+02,5.000000000000000000e+02,8.498374857965451383e+02,5.000000000000000000e+02,7.899042758606151438e+01
2.071542978286743164e+00,7.706598225024387148e+02,5.000000000000000000e+02,8.498346713317346257e+02,5.000000000000000000e+02,7.917484882929591095e+01
2.081551074981689453e+00,7.706789163166226899e+02,5.000000000000000000e+02,8.498318199887648916e+02,5.000000000000000000e+02,7.915290367214220169e+01
2.092541217803955078e+00,7.706998837144506069e+02,5.000000000000000000e+02,8.498286467755310696e+02,5.000000000000000000e+02,7.912876306108046265e+01
2.102564096450805664e+00,7.708142494867157666e+02,5.000000000000000000e+02,8.498257141026444970e+02,5.000000000000000000e+02,7.901146461592873038e+01
2.112572669982910156e+00,7.710426545750347032e+02,5.000000000000000000e+02,8.498227484167753119e+02,5.000000000000000000e+02,7.878009384174060870e+01
2.122578620910644531e+00,7.712709998130482063e+02,5.000000000000000000e+02,8.498197460391819504e+02,5.000000000000000000e+02,7.854874622613374413e+01
2.132929325103759766e+00,7.716645869865749319e+02,5.000000000000000000e+02,8.498166004602363728e+02,5.000000000000000000e+02,7.815201347366144091e+01
2.142952680587768555e+00,7.722171735912960457e+02,5.000000000000000000e+02,8.498135155081316725e+02,5.000000000000000000e+02,7.759634191683562676e+01
2.152960062026977539e+00,7.727688795484941693e+02,5.000000000000000000e+02,8.498103970144475170e+02,5.000000000000000000e+02,7.704151746595334771e+01
2.162968397140502930e+00,7.736060279037129703e+02,5.000000000000000000e+02,8.498072394740513573e+02,5.000000000000000000e+02,7.620121157033838699e+01
2.172974109649658203e+00,7.744429568908840338e+02,5.000000000000000000e+02,8.498040437072363602e+02,5.000000000000000000e+02,7.536108681635232642e+01
2.182981967926025391e+00,7.754703405625045889e+02,5.000000000000000000e+02,8.498008078747693617e+02,5.000000000000000000e+02,7.433046731226477277e+01
2.192989826202392578e+00,7.766689060763063708e+02,5.000000000000000000e+02,8.497975323374240588e+02,5.000000000000000000e+02,7.312862626111768805e+01
2.202999353408813477e+00,7.778676714652414148e+02,5.000000000000000000e+02,8.497942162172757889e+02,5.000000000000000000e+02,7.192654475203437414e+01
2.213004112243652344e+00,7.792750963696042845e+02,5.000000000000000000e+02,8.497908613427664477e+02,5.000000000000000000e+02,7.051576497316216319e+01
2.223009586334228516e+00,7.808537629542543073e+02,5.000000000000000000e+02,8.497874655755681488e+02,5.000000000000000000e+02,6.893370262131384152e+01
2.233016729354858398e+00,7.824326928631689952e+02,5.000000000000000000e+02,8.497840282521057134e+02,5.000000000000000000e+02,6.735133538893671812e+01
2.243023872375488281e+00,7.841257358440275311e+02,5.000000000000000000e+02,8.497805496086668882e+02,5.000000000000000000e+02,6.565481376463935703e+01
2.253031015396118164e+00,7.858187788248860670e+02,5.000000000000000000e+02,8.497770293172347920e+02,5.000000000000000000e+02,6.395825049234872495e+01
2.263037681579589844e+00,7.876068308281994632e+02,5.000000000000000000e+02,8.497734672192541439e+02,5.000000000000000000e+02,6.216663639105468064e+01
2.274029254913330078e+00,7.896336217245951730e+02,5.000000000000000000e+02,8.497695057544946167e+02,5.000000000000000000e+02,6.013588402989944370e+01
2.284036636352539062e+00,7.914789325806385705e+02,5.000000000000000000e+02,8.497658542400999977e+02,5.000000000000000000e+02,5.828692165946142723e+01
2.294043779373168945e+00,7.933622371641419022e+02,5.000000000000000000e+02,8.497621598064461068e+02,5.000000000000000000e+02,5.639992264230420460e+01
2.304068326950073242e+00,7.952869210623374556e+02,5.000000000000000000e+02,8.497584154937451331e+02,5.000000000000000000e+02,5.447149443140767744e+01
2.314076423645019531e+00,7.972084464391761003e+02,5.000000000000000000e+02,8.497546336048930016e+02,5.000000000000000000e+02,5.254618716571690129e+01
2.325065851211547852e+00,7.993183844813091810e+02,5.000000000000000000e+02,8.497504301663680053e+02,5.000000000000000000e+02,5.043204568505882435e+01
2.335072755813598633e+00,8.012396809797885453e+02,5.000000000000000000e+02,8.497465559905444934e+02,5.000000000000000000e+02,4.850687501075594810e+01
2.345080137252807617e+00,8.031610690296116672e+02,5.000000000000000000e+02,8.497426369035911193e+02,5.000000000000000000e+02,4.658156787397945209e+01
2.355087041854858398e+00,8.050823655280910316e+02,5.000000000000000000e+02,8.497386729378806649e+02,5.000000000000000000e+02,4.465630740978963331e+01
2.365094184875488281e+00,8.070037078022422747e+02,5.000000000000000000e+02,8.497346634692995622e+02,5.000000000000000000e+02,4.273095566705728743e+01
2.375101327896118164e+00,8.089250500763935179e+02,5.000000000000000000e+02,8.497306082480699843e+02,5.000000000000000000e+02,4.080555817167646637e+01
2.385108470916748047e+00,8.108463923505447610e+02,5.000000000000000000e+02,8.497265069292262751e+02,5.000000000000000000e+02,3.888011457868151410e+01
2.395115613937377930e+00,8.127677346246960042e+02,5.000000000000000000e+02,8.497223591665192544e+02,5.000000000000000000e+02,3.695462454182325018e+01
2.405122518539428711e+00,8.146890311231753685e+02,5.000000000000000000e+02,8.497181647129118574e+02,5.000000000000000000e+02,3.502913358973648883e+01
2.415129661560058594e+00,8.164771683306537398e+02,5.000000000000000000e+02,8.497139230197270763e+02,5.000000000000000000e+02,3.323675468907333652e+01
2.425137042999267578e+00,8.182653481402145417e+02,5.000000000000000000e+02,8.497096337334855889e+02,5.000000000000000000e+02,3.144428559327104722e+01
2.435160160064697266e+00,8.200372904827912635e+02,5.000000000000000000e+02,8.497052897457059544e+02,5.000000000000000000e+02,2.966799926291469092e+01
2.446151733398437500e+00,8.219804419070889026e+02,5.000000000000000000e+02,8.497004704368727062e+02,5.000000000000000000e+02,2.772002852978380361e+01
2.456158876419067383e+00,8.236544660426234259e+02,5.000000000000000000e+02,8.496960317950870376e+02,5.000000000000000000e+02,2.604156575246361172e+01
2.466166973114013672e+00,8.251004018178923616e+02,5.000000000000000000e+02,8.496915437841914809e+02,5.000000000000000000e+02,2.459114196629911930e+01
2.476190567016601562e+00,8.265485765770189346e+02,5.000000000000000000e+02,8.496869994038246432e+02,5.000000000000000000e+02,2.313842282680570861e+01
2.486197710037231445e+00,8.276329433581054218e+02,5.000000000000000000e+02,8.496824127868692358e+02,5.000000000000000000e+02,2.204946942876381399e+01
2.496204614639282227e+00,8.284699720580254052e+02,5.000000000000000000e+02,8.496777762674968244e+02,5.000000000000000000e+02,2.120780420947141920e+01
2.506211280822753906e+00,8.293069808153956046e+02,5.000000000000000000e+02,8.496730894888376042e+02,5.000000000000000000e+02,2.036610867344199960e+01
2.517219543457031250e+00,8.298301792540613633e+02,5.000000000000000000e+02,8.496678749811358102e+02,5.000000000000000000e+02,1.983769572707444695e+01
2.527225732803344727e+00,8.299823886592168947e+02,5.000000000000000000e+02,8.496630814732320687e+02,5.000000000000000000e+02,1.968069281401517401e+01
2.538217067718505859e+00,8.301495836313886230e+02,5.000000000000000000e+02,8.496577566699838826e+02,5.000000000000000000e+02,1.950817303859525964e+01
2.548223972320556641e+00,8.300559546236198685e+02,5.000000000000000000e+02,8.496528543395331781e+02,5.000000000000000000e+02,1.959689971591330959e+01
2.558251142501831055e+00,8.299621360021643568e+02,5.000000000000000000e+02,8.496478896559813165e+02,5.000000000000000000e+02,1.968575365381695974e+01
2.568256855010986328e+00,8.298685181481419022e+02,5.000000000000000000e+02,8.496428829178819342e+02,5.000000000000000000e+02,1.977436476974003199e+01
2.579246044158935547e+00,8.294572393693297272e+02,5.000000000000000000e+02,8.496373229848045412e+02,5.000000000000000000e+02,2.018008361547481400e+01
2.589270591735839844e+00,8.290820630364750059e+02,5.000000000000000000e+02,8.496321949409059471e+02,5.000000000000000000e+02,2.055013190443094118e+01
2.600277662277221680e+00,8.285671280319887728e+02,5.000000000000000000e+02,8.496265021050205632e+02,5.000000000000000000e+02,2.105937407303179043e+01
2.610285520553588867e+00,8.280427556197005288e+02,5.000000000000000000e+02,8.496212691602243012e+02,5.000000000000000000e+02,2.157851354052377246e+01
2.620294332504272461e+00,8.275183332386288839e+02,5.000000000000000000e+02,8.496159811272017350e+02,5.000000000000000000e+02,2.209764788857285112e+01
2.630300283432006836e+00,8.269940607639073278e+02,5.000000000000000000e+02,8.496106396606694489e+02,5.000000000000000000e+02,2.261657889676212108e+01
2.640305995941162109e+00,8.264698007813815366e+02,5.000000000000000000e+02,8.496052430086141385e+02,5.000000000000000000e+02,2.313544222723260191e+01
2.650314331054687500e+00,8.259454033847016490e+02,5.000000000000000000e+02,8.495997892292150482e+02,5.000000000000000000e+02,2.365438584451339921e+01
2.660321235656738281e+00,8.255521615520729029e+02,5.000000000000000000e+02,8.495942801409628373e+02,5.000000000000000000e+02,2.404211858888993447e+01
2.670328140258789062e+00,8.251589197194441567e+02,5.000000000000000000e+02,8.495887145868854304e+02,5.000000000000000000e+02,2.442979486744127371e+01
2.681318759918212891e+00,8.247887206343292519e+02,5.000000000000000000e+02,8.495825363982914951e+02,5.000000000000000000e+02,2.479381576396224318e+01
2.691325664520263672e+00,8.245078336110229884e+02,5.000000000000000000e+02,8.495768511161802508e+02,5.000000000000000000e+02,2.506901750515726235e+01
2.701332807540893555e+00,8.242269398954690587e+02,5.000000000000000000e+02,8.495711080407892268e+02,5.000000000000000000e+02,2.534416814532016815e+01
2.711357593536376953e+00,8.240581065303357491e+02,5.000000000000000000e+02,8.495652966410991667e+02,5.000000000000000000e+02,2.550719011076341758e+01
2.721363782882690430e+00,8.240393820672315996e+02,5.000000000000000000e+02,8.495594375451489668e+02,5.000000000000000000e+02,2.552005547791736717e+01
2.731372117996215820e+00,8.240206535887787140e+02,5.000000000000000000e+02,8.495535183619062991e+02,5.000000000000000000e+02,2.553286477312758507e+01
2.741378784179687500e+00,8.241728702473549220e+02,5.000000000000000000e+02,8.495475409527447255e+02,5.000000000000000000e+02,2.537467070538980352e+01
2.751386165618896484e+00,8.245534025185488645e+02,5.000000000000000000e+02,8.495415035101206058e+02,5.000000000000000000e+02,2.498810099157174136e+01
2.762376070022583008e+00,8.249712953817661401e+02,5.000000000000000000e+02,8.495348041705400419e+02,5.000000000000000000e+02,2.456350878877390187e+01
2.772382974624633789e+00,8.256751953362650056e+02,5.000000000000000000e+02,8.495286406747987940e+02,5.000000000000000000e+02,2.385344533853378834e+01
2.782390356063842773e+00,8.266453990103990463e+02,5.000000000000000000e+02,8.495224160563911937e+02,5.000000000000000000e+02,2.287701704599214736e+01
2.792413473129272461e+00,8.276171282346948601e+02,5.000000000000000000e+02,8.495161202781994234e+02,5.000000000000000000e+02,2.189899204350456330e+01
2.802421569824218750e+00,8.287586603286638365e+02,5.000000000000000000e+02,8.495097722533670321e+02,5.000000000000000000e+02,2.075111192470319565e+01
2.812427759170532227e+00,8.298999748688116824e+02,5.000000000000000000e+02,8.495033634211222306e+02,5.000000000000000000e+02,1.960338855231054822e+01
2.822435855865478516e+00,8.311366102518193202e+02,5.000000000000000000e+02,8.494968909372801136e+02,5.000000000000000000e+02,1.836028068546079339e+01
2.832441806793212891e+00,8.323539639166165216e+02,5.000000000000000000e+02,8.494903570232449965e+02,5.000000000000000000e+02,1.713639310662847492e+01
2.842450857162475586e+00,8.335716946686621895e+02,5.000000000000000000e+02,8.494837578413659003e+02,5.000000000000000000e+02,1.591206317270371073e+01
2.852456331253051758e+00,8.346368649322175770e+02,5.000000000000000000e+02,8.494770973929895490e+02,5.000000000000000000e+02,1.484023246077197200e+01
2.863465547561645508e+00,8.355995787367596677e+02,5.000000000000000000e+02,8.494696947828454086e+02,5.000000000000000000e+02,1.387011604608574089e+01
2.874455690383911133e+00,8.365606246379675213e+02,5.000000000000000000e+02,8.494622271506178777e+02,5.000000000000000000e+02,1.290160251265035640e+01
2.884462594985961914e+00,8.370172123461647971e+02,5.000000000000000000e+02,8.494553595034776663e+02,5.000000000000000000e+02,1.243814715731286924e+01
2.894487857818603516e+00,8.369984521910724879e+02,5.000000000000000000e+02,8.494484137329983469e+02,5.000000000000000000e+02,1.244996154192585891e+01
2.904493093490600586e+00,8.369797295125677010e+02,5.000000000000000000e+02,8.494414160381757029e+02,5.000000000000000000e+02,1.246168652560800183e+01
2.914501905441284180e+00,8.365489539852588905e+02,5.000000000000000000e+02,8.494343496600399703e+02,5.000000000000000000e+02,1.288539567478107983e+01
2.924508094787597656e+00,8.361182913338624303e+02,5.000000000000000000e+02,8.494272185518228753e+02,5.000000000000000000e+02,1.330892721796044498e+01
2.934515953063964844e+00,8.352006396123580316e+02,5.000000000000000000e+02,8.494200192494209887e+02,5.000000000000000000e+02,1.421937963706295704e+01
2.944523096084594727e+00,8.337961710345881556e+02,5.000000000000000000e+02,8.494127530419420964e+02,5.000000000000000000e+02,1.561658200735394075e+01
2.954529285430908203e+00,8.323918363017736510e+02,5.000000000000000000e+02,8.494054197017563865e+02,5.000000000000000000e+02,1.701358339998273550e+01
2.964536666870117188e+00,8.306877071611097563e+02,5.000000000000000000e+02,8.493980172349188251e+02,5.000000000000000000e+02,1.871031007380906885e+01
2.975543498992919922e+00,8.285456239420315114e+02,5.000000000000000000e+02,8.493897961494109268e+02,5.000000000000000000e+02,2.084417220737941534e+01
2.985551118850708008e+00,8.265980013816882774e+02,5.000000000000000000e+02,8.493822488016636498e+02,5.000000000000000000e+02,2.278424741997537240e+01
2.995559215545654297e+00,8.245004617637519004e+02,5.000000000000000000e+02,8.493746315221187615e+02,5.000000000000000000e+02,2.487416975836686106e+01
3.005564928054809570e+00,8.224034218336488493e+02,5.000000000000000000e+02,8.493669460841385899e+02,5.000000000000000000e+02,2.696352425048974055e+01
3.015573740005493164e+00,8.201746267140946429e+02,5.000000000000000000e+02,8.493591878427018855e+02,5.000000000000000000e+02,2.918456112860724261e+01
3.025579214096069336e+00,8.179091286308831741e+02,5.000000000000000000e+02,8.493513613635409456e+02,5.000000000000000000e+02,3.144223273265777152e+01
3.035588264465332031e+00,8.156428207856918107e+02,5.000000000000000000e+02,8.493434608076727272e+02,5.000000000000000000e+02,3.370064002198091657e+01
3.045593500137329102e+00,8.133773766866123651e+02,5.000000000000000000e+02,8.493354915825211719e+02,5.000000000000000000e+02,3.595811489590880683e+01
3.055600404739379883e+00,8.113175385157001074e+02,5.000000000000000000e+02,8.493274489129671565e+02,5.000000000000000000e+02,3.800991039726704912e+01
3.066592216491699219e+00,8.090549653909130257e+02,5.000000000000000000e+02,8.493185310298325703e+02,5.000000000000000000e+02,4.026356563891954465e+01
3.076599121093750000e+00,8.069951272200007679e+02,5.000000000000000000e+02,8.493103356147220211e+02,5.000000000000000000e+02,4.231520839472125317e+01
3.086607217788696289e+00,8.050848679250943860e+02,5.000000000000000000e+02,8.493020657472688981e+02,5.000000000000000000e+02,4.421719782217451211e+01
3.096629619598388672e+00,8.031718781930987916e+02,5.000000000000000000e+02,8.492937099842587259e+02,5.000000000000000000e+02,4.612183179115993426e+01
3.106637716293334961e+00,8.015425393827374592e+02,5.000000000000000000e+02,8.492852917406794404e+02,5.000000000000000000e+02,4.774275235794198124e+01
3.117628097534179688e+00,7.997532826197190161e+02,5.000000000000000000e+02,8.492759610747486931e+02,5.000000000000000000e+02,4.952267845502967702e+01
3.127635478973388672e+00,7.984798674376844474e+02,5.000000000000000000e+02,8.492673860148731819e+02,5.000000000000000000e+02,5.078751857718873453e+01
3.137642621994018555e+00,7.978619012634657111e+02,5.000000000000000000e+02,8.492587354567126567e+02,5.000000000000000000e+02,5.139683419324694569e+01
3.147667407989501953e+00,7.972428455913103562e+02,5.000000000000000000e+02,8.492499933017085141e+02,5.000000000000000000e+02,5.200714771039815787e+01
3.157673120498657227e+00,7.970181627416565107e+02,5.000000000000000000e+02,8.492411911409813001e+02,5.000000000000000000e+02,5.222302839932478946e+01
3.168664455413818359e+00,7.967713472901853038e+02,5.000000000000000000e+02,8.492314331347470215e+02,5.000000000000000000e+02,5.246008584456171775e+01
3.178671360015869141e+00,7.965466376715403385e+02,5.000000000000000000e+02,8.492224677802655606e+02,5.000000000000000000e+02,5.267583010872522209e+01
3.188678503036499023e+00,7.973266297780382956e+02,5.000000000000000000e+02,8.492134242432501878e+02,5.000000000000000000e+02,5.188679446521189220e+01
3.198685646057128906e+00,7.986392227030123649e+02,5.000000000000000000e+02,8.492043022877774092e+02,5.000000000000000000e+02,5.056507958476504427e+01
3.208710670471191406e+00,7.999541610516963601e+02,5.000000000000000000e+02,8.491950849525128433e+02,5.000000000000000000e+02,4.924092390081648318e+01
3.218717098236083984e+00,8.016470830231215814e+02,5.000000000000000000e+02,8.491858053332802001e+02,5.000000000000000000e+02,4.753872231015861871e+01
3.228726625442504883e+00,8.033405293687576432e+02,5.000000000000000000e+02,8.491764430414077651e+02,5.000000000000000000e+02,4.583591367265012195e+01
3.238731145858764648e+00,8.052233403885314829e+02,5.000000000000000000e+02,8.491670052282521510e+02,5.000000000000000000e+02,4.394366483972066817e+01
3.248738288879394531e+00,8.072207580439785488e+02,5.000000000000000000e+02,8.491574842704028470e+02,5.000000000000000000e+02,4.193672622642429815e+01
3.258746147155761719e+00,8.092183184638925013e+02,5.000000000000000000e+02,8.491478814859789281e+02,5.000000000000000000e+02,3.992956302208642683e+01
3.268753051757812500e+00,8.112347069233870798e+02,5.000000000000000000e+02,8.491381980218113767e+02,5.000000000000000000e+02,3.790349109842429698e+01
3.278758764266967773e+00,8.132508551764988169e+02,5.000000000000000000e+02,8.491284336762722660e+02,5.000000000000000000e+02,3.587757849977344904e+01
3.288766860961914062e+00,8.152674838423761230e+02,5.000000000000000000e+02,8.491185844847072985e+02,5.000000000000000000e+02,3.385110064233117555e+01
3.298774242401123047e+00,8.170937753999746747e+02,5.000000000000000000e+02,8.491086530154473166e+02,5.000000000000000000e+02,3.201487761547264199e+01
3.308780431747436523e+00,8.189198494072376207e+02,5.000000000000000000e+02,8.490986393030091222e+02,5.000000000000000000e+02,3.017878989577150151e+01
3.318788051605224609e+00,8.205178743032223565e+02,5.000000000000000000e+02,8.490885402560852526e+02,5.000000000000000000e+02,2.857066595286289612e+01
3.328795194625854492e+00,8.216022410843088437e+02,5.000000000000000000e+02,8.490783573224507563e+02,5.000000000000000000e+02,2.747611623814191262e+01
3.338801383972167969e+00,8.226865045259360159e+02,5.000000000000000000e+02,8.490680905392230216e+02,5.000000000000000000e+02,2.638158601328700570e+01
3.348809719085693359e+00,8.232763052809630153e+02,5.000000000000000000e+02,8.490577362434989936e+02,5.000000000000000000e+02,2.578143096253597832e+01
3.358815431594848633e+00,8.232388581393540790e+02,5.000000000000000000e+02,8.490472989058905569e+02,5.000000000000000000e+02,2.580844076653647789e+01
3.368822574615478516e+00,8.232014056439468277e+02,5.000000000000000000e+02,8.490367738437680600e+02,5.000000000000000000e+02,2.583536819982123234e+01
3.379814386367797852e+00,8.231602679507689118e+02,5.000000000000000000e+02,8.490251132061949875e+02,5.000000000000000000e+02,2.586484525542607571e+01
3.389838457107543945e+00,8.231227521020828135e+02,5.000000000000000000e+02,8.490143874613644357e+02,5.000000000000000000e+02,2.589163535928162219e+01
3.399846076965332031e+00,8.221114865419045827e+02,5.000000000000000000e+02,8.490035915351988933e+02,5.000000000000000000e+02,2.689210499329431059e+01
3.409852027893066406e+00,8.206322892025115152e+02,5.000000000000000000e+02,8.489927092443278980e+02,5.000000000000000000e+02,2.836042004181638276e+01
3.419858932495117188e+00,8.191529508797655126e+02,5.000000000000000000e+02,8.489817372695263202e+02,5.000000000000000000e+02,2.982878638976080765e+01
3.429867744445800781e+00,8.173923900290251368e+02,5.000000000000000000e+02,8.489706740493126063e+02,5.000000000000000000e+02,3.157828402028746950e+01
3.439874410629272461e+00,8.154075023562121487e+02,5.000000000000000000e+02,8.489595235880027531e+02,5.000000000000000000e+02,3.355202123179060436e+01
3.449881315231323242e+00,8.134225673915149173e+02,5.000000000000000000e+02,8.489482827743183861e+02,5.000000000000000000e+02,3.552571538280346886e+01
3.459888935089111328e+00,8.113251277111452282e+02,5.000000000000000000e+02,8.489369505782617580e+02,5.000000000000000000e+02,3.761182286711652978e+01
3.469896554946899414e+00,8.092276880307755391e+02,5.000000000000000000e+02,8.489255273172755096e+02,5.000000000000000000e+02,3.969783928649997051e+01
3.479901790618896484e+00,8.070745800027248151e+02,5.000000000000000000e+02,8.489140152615188981e+02,5.000000000000000000e+02,4.183943525879408298e+01
3.489910364151000977e+00,8.049207536734136283e+02,5.000000000000000000e+02,8.489024073288248928e+02,5.000000000000000000e+02,4.398165365541126448e+01
3.499916315078735352e+00,8.027674917236641932e+02,5.000000000000000000e+02,8.488907099358757478e+02,5.000000000000000000e+02,4.612321821221155460e+01
3.509923696517944336e+00,8.007637354813450656e+02,5.000000000000000000e+02,8.488789178732132541e+02,5.000000000000000000e+02,4.811518239186818846e+01
3.519930124282836914e+00,7.989099694651946493e+02,5.000000000000000000e+02,8.488670334546631011e+02,5.000000000000000000e+02,4.995706398946845184e+01
3.530921459197998047e+00,7.968737419905568231e+02,5.000000000000000000e+02,8.488538709709182513e+02,5.000000000000000000e+02,5.198012898036142815e+01
3.540928602218627930e+00,7.952632846880474062e+02,5.000000000000000000e+02,8.488417879396015451e+02,5.000000000000000000e+02,5.357850325155413884e+01
3.550935506820678711e+00,7.940273817855000971e+02,5.000000000000000000e+02,8.488296101880794140e+02,5.000000000000000000e+02,5.480222840257931693e+01
3.560942649841308594e+00,7.927914494370626244e+02,5.000000000000000000e+02,8.488173366419839567e+02,5.000000000000000000e+02,5.602588720492133234e+01
3.570950031280517578e+00,7.922109219276056820e+02,5.000000000000000000e+02,8.488049667991235765e+02,5.000000000000000000e+02,5.659404487151789453e+01
3.580956935882568359e+00,7.916304220794395405e+02,5.000000000000000000e+02,8.487925010504526426e+02,5.000000000000000000e+02,5.716207897101310209e+01
3.590981960296630859e+00,7.914428249900151968e+02,5.000000000000000000e+02,8.487799154750346133e+02,5.000000000000000000e+02,5.733709048501941652e+01
3.601972103118896484e+00,7.912371677546150295e+02,5.000000000000000000e+02,8.487660058292519807e+02,5.000000000000000000e+02,5.752883807463695121e+01
3.611979007720947266e+00,7.910499097390775205e+02,5.000000000000000000e+02,8.487532377768366132e+02,5.000000000000000000e+02,5.770332803775909269e+01
3.621986389160156250e+00,7.918679590256522260e+02,5.000000000000000000e+02,8.487403705670631098e+02,5.000000000000000000e+02,5.687241154141088373e+01
3.631993293762207031e+00,7.931805206783102449e+02,5.000000000000000000e+02,8.487274049231992876e+02,5.000000000000000000e+02,5.554688424488904275e+01
3.642000436782836914e+00,7.944931136032843142e+02,5.000000000000000000e+02,8.487143394178535800e+02,5.000000000000000000e+02,5.422122581456926582e+01
3.652007579803466797e+00,7.961481188934949387e+02,5.000000000000000000e+02,8.487011738533090011e+02,5.000000000000000000e+02,5.255305495981406239e+01
3.662014484405517578e+00,7.978030847534696477e+02,5.000000000000000000e+02,8.486879080401390638e+02,5.000000000000000000e+02,5.088482328666941612e+01
3.672021865844726562e+00,7.995532259661406442e+02,5.000000000000000000e+02,8.486745405186120479e+02,5.000000000000000000e+02,4.912131455247140366e+01
3.682028770446777344e+00,8.013032837871304537e+02,5.000000000000000000e+02,8.486610720534501979e+02,5.000000000000000000e+02,4.735778826631974425e+01
3.692035913467407227e+00,8.030533833039609135e+02,5.000000000000000000e+02,8.486475011751924740e+02,5.000000000000000000e+02,4.559411787123156046e+01
3.702042818069458008e+00,8.046132572029205221e+02,5.000000000000000000e+02,8.486338280188479075e+02,5.000000000000000000e+02,4.402057081592738541e+01
3.712050199508666992e+00,8.058688235048759907e+02,5.000000000000000000e+02,8.486200510905246119e+02,5.000000000000000000e+02,4.275122758564862124e+01
3.722057342529296875e+00,8.071243598938782497e+02,5.000000000000000000e+02,8.486061708570580322e+02,5.000000000000000000e+02,4.148181096317978245e+01
3.732064247131347656e+00,8.079804069860012987e+02,5.000000000000000000e+02,8.485921868104835539e+02,5.000000000000000000e+02,4.061177982448225521e+01
3.742071390151977539e+00,8.088364744737950787e+02,5.000000000000000000e+02,8.485780977678296040e+02,5.000000000000000000e+02,3.974162329403452532e+01
3.752078533172607422e+00,8.091409222977887339e+02,5.000000000000000000e+02,8.485639035431581760e+02,5.000000000000000000e+02,3.942298124536944215e+01
3.762085676193237305e+00,8.088974810776419417e+02,5.000000000000000000e+02,8.485496036173592529e+02,5.000000000000000000e+02,3.965212253971731116e+01
3.772110462188720703e+00,8.086536106613383481e+02,5.000000000000000000e+02,8.485351719773876766e+02,5.000000000000000000e+02,3.988156131604932852e+01
3.782117366790771484e+00,8.084101752411396546e+02,5.000000000000000000e+02,8.485206592454412657e+02,5.000000000000000000e+02,4.011048400430161109e+01
3.792123079299926758e+00,8.077548502629824725e+02,5.000000000000000000e+02,8.485060409998511659e+02,5.000000000000000000e+02,4.075119073686869342e+01
3.803114652633666992e+00,8.070349562476131950e+02,5.000000000000000000e+02,8.484898581922182075e+02,5.000000000000000000e+02,4.145490194460501243e+01
3.813121795654296875e+00,8.059488338808045000e+02,5.000000000000000000e+02,8.484750110736820261e+02,5.000000000000000000e+02,4.252617719287752607e+01
3.823128938674926758e+00,8.045069128076273728e+02,5.000000000000000000e+02,8.484600550606518254e+02,5.000000000000000000e+02,4.395314225302445266e+01
3.833135843276977539e+00,8.030650260879888265e+02,5.000000000000000000e+02,8.484449899854716932e+02,5.000000000000000000e+02,4.537996389748286674e+01
3.843142986297607422e+00,8.014545687854794096e+02,5.000000000000000000e+02,8.484298146011590234e+02,5.000000000000000000e+02,4.697524581567961377e+01
3.853150367736816406e+00,7.998440731140827893e+02,5.000000000000000000e+02,8.484145283694712134e+02,5.000000000000000000e+02,4.857045525538842412e+01
3.863176822662353516e+00,7.981742207741854145e+02,5.000000000000000000e+02,8.483991016664094786e+02,5.000000000000000000e+02,5.022488089222406416e+01
3.873181581497192383e+00,7.965454253743429263e+02,5.000000000000000000e+02,8.483835967302469498e+02,5.000000000000000000e+02,5.183817135590402359e+01
3.883189201354980469e+00,7.949161641940557956e+02,5.000000000000000000e+02,8.483679752842031121e+02,5.000000000000000000e+02,5.345181109014731646e+01
3.893194913864135742e+00,7.933995549588919403e+02,5.000000000000000000e+02,8.483522442203344553e+02,5.000000000000000000e+02,5.495268926144251509e+01
3.903204679489135742e+00,7.919572559967908774e+02,5.000000000000000000e+02,8.483363935945931189e+02,5.000000000000000000e+02,5.637913759780224154e+01
3.913208961486816406e+00,7.905157471660762667e+02,5.000000000000000000e+02,8.483204379952558156e+02,5.000000000000000000e+02,5.780469082917954893e+01
3.923217773437500000e+00,7.892234205841498351e+02,5.000000000000000000e+02,8.483043609290709810e+02,5.000000000000000000e+02,5.908094034492114588e+01
3.934207677841186523e+00,7.878044164442285364e+02,5.000000000000000000e+02,8.482865756816327121e+02,5.000000000000000000e+02,6.048215923740417566e+01
3.944214820861816406e+00,7.867557465728269790e+02,5.000000000000000000e+02,8.482702598514847523e+02,5.000000000000000000e+02,6.151451327865777330e+01
3.954222202301025391e+00,7.860815855941027621e+02,5.000000000000000000e+02,8.482538277208625459e+02,5.000000000000000000e+02,6.217224212675978379e+01
3.964229106903076172e+00,7.854074567381678662e+02,5.000000000000000000e+02,8.482372799243439658e+02,5.000000000000000000e+02,6.282982318617609963e+01
3.974236249923706055e+00,7.851452892703174484e+02,5.000000000000000000e+02,8.482206147380677521e+02,5.000000000000000000e+02,6.307532546775030369e+01
3.984243392944335938e+00,7.852404566463424089e+02,5.000000000000000000e+02,8.482038320084203633e+02,5.000000000000000000e+02,6.296337536207795438e+01
3.994250535964965820e+00,7.853356240223673694e+02,5.000000000000000000e+02,8.481869311876939719e+02,5.000000000000000000e+02,6.285130716532660244e+01
4.004257678985595703e+00,7.859063356808965182e+02,5.000000000000000000e+02,8.481699117269550925e+02,5.000000000000000000e+02,6.226357604605857432e+01
4.014264583587646484e+00,7.864770337423118463e+02,5.000000000000000000e+02,8.481527734857952510e+02,5.000000000000000000e+02,6.167573974348340471e+01
4.024271726608276367e+00,7.874662331473733730e+02,5.000000000000000000e+02,8.481355150961919662e+02,5.000000000000000000e+02,6.066928194881859326e+01
4.034279823303222656e+00,7.888741276070268214e+02,5.000000000000000000e+02,8.481181347505157646e+02,5.000000000000000000e+02,5.924400714348894326e+01
4.044286966323852539e+00,7.902818879080258512e+02,5.000000000000000000e+02,8.481006352072497521e+02,5.000000000000000000e+02,5.781874729922390088e+01
4.054294109344482422e+00,7.920129685795322985e+02,5.000000000000000000e+02,8.480830142609058839e+02,5.000000000000000000e+02,5.607004568137358547e+01
4.064301013946533203e+00,7.938772099014025798e+02,5.000000000000000000e+02,8.480652717793909687e+02,5.000000000000000000e+02,5.418806187798838891e+01
4.074307203292846680e+00,7.957413179743458613e+02,5.000000000000000000e+02,8.480474080681974556e+02,5.000000000000000000e+02,5.230609009385159425e+01
4.084314346313476562e+00,7.976436414031730919e+02,5.000000000000000000e+02,8.480294195847984611e+02,5.000000000000000000e+02,5.038577818162536914e+01
4.094321489334106445e+00,7.995459648320003225e+02,5.000000000000000000e+02,8.480113074659766426e+02,5.000000000000000000e+02,4.846534263397632003e+01
4.104328393936157227e+00,8.014672613304796869e+02,5.000000000000000000e+02,8.479930715865421007e+02,5.000000000000000000e+02,4.652581025606241383e+01
4.114352941513061523e+00,8.033919452286752403e+02,5.000000000000000000e+02,8.479746784723548672e+02,5.000000000000000000e+02,4.458273324367962687e+01
4.124360322952270508e+00,8.053133332784983622e+02,5.000000000000000000e+02,8.479561914180850408e+02,5.000000000000000000e+02,4.264285813958667859e+01
4.134366035461425781e+00,8.071773525188236817e+02,5.000000000000000000e+02,8.479375815841058284e+02,5.000000000000000000e+02,4.076022906528214662e+01
4.144372940063476562e+00,8.090035570562879457e+02,5.000000000000000000e+02,8.479188430922038151e+02,5.000000000000000000e+02,3.891528603591586943e+01
4.154380321502685547e+00,8.108298486138864973e+02,5.000000000000000000e+02,8.478999766828796965e+02,5.000000000000000000e+02,3.707012806899319912e+01
4.164388179779052734e+00,8.126562271916193367e+02,5.000000000000000000e+02,8.478809817694425419e+02,5.000000000000000000e+02,3.522475457782320518e+01
4.174395561218261719e+00,8.145205573461076938e+02,5.000000000000000000e+02,8.478618595922367831e+02,5.000000000000000000e+02,3.334130224612908933e+01
4.185385942459106445e+00,8.165680159426543696e+02,5.000000000000000000e+02,8.478407107443244968e+02,5.000000000000000000e+02,3.127269480167012716e+01
4.195393085479736328e+00,8.184703393714816002e+02,5.000000000000000000e+02,8.478213182526096716e+02,5.000000000000000000e+02,2.935097888112807141e+01
4.205416202545166016e+00,8.203756994112189886e+02,5.000000000000000000e+02,8.478017645614356752e+02,5.000000000000000000e+02,2.742606515021668656e+01
4.215423583984375000e+00,8.223351260579319160e+02,5.000000000000000000e+02,8.477821109518396270e+02,5.000000000000000000e+02,2.544698489390771101e+01
4.225431442260742188e+00,8.243707268872194618e+02,5.000000000000000000e+02,8.477623253064059554e+02,5.000000000000000000e+02,2.339159841918649363e+01
4.235439777374267578e+00,8.264064247053020154e+02,5.000000000000000000e+02,8.477424070291750695e+02,5.000000000000000000e+02,2.133598232387305416e+01
4.245444774627685547e+00,8.285555322052324527e+02,5.000000000000000000e+02,8.477223631903932528e+02,5.000000000000000000e+02,1.916683098516080008e+01
4.255453586578369141e+00,8.308577084141023761e+02,5.000000000000000000e+02,8.477021788717298705e+02,5.000000000000000000e+02,1.684447045762749440e+01
4.265460252761840820e+00,8.331593910644711514e+02,5.000000000000000000e+02,8.476818654794919894e+02,5.000000000000000000e+02,1.452247441502083802e+01
4.275468349456787109e+00,8.355519105793875951e+02,5.000000000000000000e+02,8.476614151861904247e+02,5.000000000000000000e+02,1.210950460680282958e+01
4.285474777221679688e+00,8.379440311225670257e+02,5.000000000000000000e+02,8.476408337468822083e+02,5.000000000000000000e+02,9.696802624315182584e+00
4.296481370925903320e+00,8.405738909371725640e+02,5.000000000000000000e+02,8.476180390579290815e+02,5.000000000000000000e+02,7.044148120756517528e+00
4.306488037109375000e+00,8.429648331288503869e+02,5.000000000000000000e+02,8.475971726787636271e+02,5.000000000000000000e+02,4.632339549913240262e+00
4.316496610641479492e+00,8.453562310527607906e+02,5.000000000000000000e+02,8.475761659168747428e+02,5.000000000000000000e+02,2.219934864113952244e+00
4.326503753662109375e+00,8.477496142399672863e+02,5.000000000000000000e+02,8.475550251801844297e+02,5.000000000000000000e+02,1.945890597828565660e-01
4.336510419845581055e+00,8.501438306498990869e+02,5.000000000000000000e+02,8.475337479039488926e+02,5.000000000000000000e+02,2.610082745950194294e+00
4.346516609191894531e+00,8.525379329707498073e+02,5.000000000000000000e+02,8.475123335175284183e+02,5.000000000000000000e+02,5.025599453221389012e+00
4.356524944305419922e+00,8.549325486924651614e+02,5.000000000000000000e+02,8.474907757819898961e+02,5.000000000000000000e+02,7.441772910475265235e+00
4.366532564163208008e+00,8.573269932805590088e+02,5.000000000000000000e+02,8.474690802372441567e+02,5.000000000000000000e+02,9.857913043314852075e+00
4.376539230346679688e+00,8.597212096904908094e+02,5.000000000000000000e+02,8.474472468409940120e+02,5.000000000000000000e+02,1.227396284949679739e+01
4.387529373168945312e+00,8.623507348300447575e+02,5.000000000000000000e+02,8.474231056890389482e+02,5.000000000000000000e+02,1.492762914100580929e+01
4.397536516189575195e+00,8.647450653290576383e+02,5.000000000000000000e+02,8.474009757234412064e+02,5.000000000000000000e+02,1.734408960561643198e+01
4.407543659210205078e+00,8.671393958280705192e+02,5.000000000000000000e+02,8.473787039841754449e+02,5.000000000000000000e+02,1.976069184389507427e+01
4.417550563812255859e+00,8.695336692825428599e+02,5.000000000000000000e+02,8.473562904080247336e+02,5.000000000000000000e+02,2.217737887451812639e+01
4.427558183670043945e+00,8.719281138706367074e+02,5.000000000000000000e+02,8.473337322485979257e+02,5.000000000000000000e+02,2.459438162203878164e+01
4.437565326690673828e+00,8.743224443696495882e+02,5.000000000000000000e+02,8.473110315865427538e+02,5.000000000000000000e+02,2.701141278310683447e+01
4.447571992874145508e+00,8.767166607795813889e+02,5.000000000000000000e+02,8.472881878399155084e+02,5.000000000000000000e+02,2.942847293966588040e+01
4.457579135894775391e+00,8.791109912785942697e+02,5.000000000000000000e+02,8.472651982279398908e+02,5.000000000000000000e+02,3.184579305065437893e+01
4.467586040496826172e+00,8.814936834404073807e+02,5.000000000000000000e+02,8.472420637837559525e+02,5.000000000000000000e+02,3.425161965665142816e+01
4.477593183517456055e+00,8.838764323708320489e+02,5.000000000000000000e+02,8.472187827989178004e+02,5.000000000000000000e+02,3.665764957191424855e+01
4.487600803375244141e+00,8.862544133867980918e+02,5.000000000000000000e+02,8.471953540957867972e+02,5.000000000000000000e+02,3.905905929101129459e+01
4.497607469558715820e+00,8.883848614395085406e+02,5.000000000000000000e+02,8.471717804253605664e+02,5.000000000000000000e+02,4.121308101414797420e+01
4.507614612579345703e+00,8.905154110122234670e+02,5.000000000000000000e+02,8.471480578185330614e+02,5.000000000000000000e+02,4.336735319369040553e+01
4.517621517181396484e+00,8.923035056176194075e+02,5.000000000000000000e+02,8.471241873547857040e+02,5.000000000000000000e+02,4.517931826283370356e+01
4.527628898620605469e+00,8.935210333226850707e+02,5.000000000000000000e+02,8.471001667106088462e+02,5.000000000000000000e+02,4.642086661207622456e+01
4.537636041641235352e+00,8.947385320210393047e+02,5.000000000000000000e+02,8.470759969842874852e+02,5.000000000000000000e+02,4.766253503675181946e+01
4.547643423080444336e+00,8.954805041138343995e+02,5.000000000000000000e+02,8.470516764097214946e+02,5.000000000000000000e+02,4.842882770411290494e+01
4.557650327682495117e+00,8.962224408527392825e+02,5.000000000000000000e+02,8.470272061149842102e+02,5.000000000000000000e+02,4.919523473775507227e+01
4.567657470703125000e+00,8.965078698314089252e+02,5.000000000000000000e+02,8.470025837396774477e+02,5.000000000000000000e+02,4.950528609173147743e+01
4.577664613723754883e+00,8.964704173360016739e+02,5.000000000000000000e+02,8.469778092470817228e+02,5.000000000000000000e+02,4.949260808891995111e+01
4.587688207626342773e+00,8.964329032719150518e+02,5.000000000000000000e+02,8.469528409137732297e+02,5.000000000000000000e+02,4.948006235814182219e+01
4.597695827484130859e+00,8.962456318718820967e+02,5.000000000000000000e+02,8.469277588767023417e+02,5.000000000000000000e+02,4.931787299517975498e+01
4.607702016830444336e+00,8.959085915360066110e+02,5.000000000000000000e+02,8.469025264640639534e+02,5.000000000000000000e+02,4.900606507194265760e+01
4.617709875106811523e+00,8.955714949852498421e+02,5.000000000000000000e+02,8.468771352318606205e+02,5.000000000000000000e+02,4.869435975338922162e+01
4.628700733184814453e+00,8.950161843115314468e+02,5.000000000000000000e+02,8.468490711082258713e+02,5.000000000000000000e+02,4.816711320330557555e+01
4.638724565505981445e+00,8.942096127492246751e+02,5.000000000000000000e+02,8.468233122368023942e+02,5.000000000000000000e+02,4.738630051242228092e+01
4.648732662200927734e+00,8.934043073601955030e+02,5.000000000000000000e+02,8.467974371100813187e+02,5.000000000000000000e+02,4.660687025011418427e+01
4.658738374710083008e+00,8.922621695411215796e+02,5.000000000000000000e+02,8.467714110066835929e+02,5.000000000000000000e+02,4.549075853443798678e+01
4.668746232986450195e+00,8.911197867857792971e+02,5.000000000000000000e+02,8.467452215205863695e+02,5.000000000000000000e+02,4.437456526519292765e+01
4.678753137588500977e+00,8.895842710583719963e+02,5.000000000000000000e+02,8.467188761047066237e+02,5.000000000000000000e+02,4.286539495366537267e+01
4.688760995864868164e+00,8.877864227876693803e+02,5.000000000000000000e+02,8.466923691064547484e+02,5.000000000000000000e+02,4.109405368121463198e+01
4.698767662048339844e+00,8.859887886688953813e+02,5.000000000000000000e+02,8.466657055827040494e+02,5.000000000000000000e+02,3.932308308619133186e+01
4.708774805068969727e+00,8.839663539169067690e+02,5.000000000000000000e+02,8.466388804702735342e+02,5.000000000000000000e+02,3.732747344663323474e+01
4.718781709671020508e+00,8.817005319289033878e+02,5.000000000000000000e+02,8.466118950462960129e+02,5.000000000000000000e+02,3.508863688260737490e+01
4.729772329330444336e+00,8.792119714122975438e+02,5.000000000000000000e+02,8.465820706415404402e+02,5.000000000000000000e+02,3.262990077075710360e+01
4.739779472351074219e+00,8.768153146234706128e+02,5.000000000000000000e+02,8.465547447777757952e+02,5.000000000000000000e+02,3.026056984569481756e+01
4.749786376953125000e+00,8.744187149346076922e+02,5.000000000000000000e+02,8.465272566412592141e+02,5.000000000000000000e+02,2.789145829334847804e+01
4.759793519973754883e+00,8.720220581457807612e+02,5.000000000000000000e+02,8.464996042829097860e+02,5.000000000000000000e+02,2.552245386287097517e+01
4.769800662994384766e+00,8.696254013569538301e+02,5.000000000000000000e+02,8.464717877152759229e+02,5.000000000000000000e+02,2.315361364167790725e+01
4.779824733734130859e+00,8.672246904706830719e+02,5.000000000000000000e+02,8.464437588243957862e+02,5.000000000000000000e+02,2.078093164628728573e+01
4.789832592010498047e+00,8.648278623819641098e+02,5.000000000000000000e+02,8.464156096140518457e+02,5.000000000000000000e+02,1.841225276791226406e+01
4.800838947296142578e+00,8.621928958238769383e+02,5.000000000000000000e+02,8.463844600389113566e+02,5.000000000000000000e+02,1.580843578496558166e+01
4.810846328735351562e+00,8.597970876982996060e+02,5.000000000000000000e+02,8.463559625423486068e+02,5.000000000000000000e+02,1.344112515595099921e+01
4.820852994918823242e+00,8.574014508078768131e+02,5.000000000000000000e+02,8.463272995980278210e+02,5.000000000000000000e+02,1.107415120984899204e+01
4.830862045288085938e+00,8.550043372193379128e+02,5.000000000000000000e+02,8.462984616383535013e+02,5.000000000000000000e+02,8.705875580984411499e+00
4.840868473052978516e+00,8.526078517304028992e+02,5.000000000000000000e+02,8.462694624461853437e+02,5.000000000000000000e+02,6.338389284217555542e+00
4.850875377655029297e+00,8.503420297423995180e+02,5.000000000000000000e+02,8.462402924436819376e+02,5.000000000000000000e+02,4.101737298717580416e+00
4.860883235931396484e+00,8.480759918178681573e+02,5.000000000000000000e+02,8.462109495535265751e+02,5.000000000000000000e+02,1.865042264341582268e+00
4.870889663696289062e+00,8.461098763461934595e+02,5.000000000000000000e+02,8.461814401262195133e+02,5.000000000000000000e+02,7.156378002605379152e-02
4.880897521972656250e+00,8.445367591093287274e+02,5.000000000000000000e+02,8.461517550711512285e+02,5.000000000000000000e+02,1.614995961822501158e+00
4.891887426376342773e+00,8.428092758085549576e+02,5.000000000000000000e+02,8.461189588386966989e+02,5.000000000000000000e+02,3.309683030141741256e+00
4.901910781860351562e+00,8.417589069985201604e+02,5.000000000000000000e+02,8.460888653290887760e+02,5.000000000000000000e+02,4.329958330568615565e+00
4.911919355392456055e+00,8.412344971096443942e+02,5.000000000000000000e+02,8.460586425933811370e+02,5.000000000000000000e+02,4.824145483736742790e+00
4.921925067901611328e+00,8.407102371271186030e+02,5.000000000000000000e+02,8.460282544347970770e+02,5.000000000000000000e+02,5.318017307678474026e+00
4.932916641235351562e+00,8.405045531227274296e+02,5.000000000000000000e+02,8.459946707487007416e+02,5.000000000000000000e+02,5.490117625973311988e+00
4.942923545837402344e+00,8.404483757180661314e+02,5.000000000000000000e+02,8.459639115493155259e+02,5.000000000000000000e+02,5.515535831249394505e+00
4.952930688858032227e+00,8.403921969749553682e+02,5.000000000000000000e+02,8.459329754862019399e+02,5.000000000000000000e+02,5.540778511246571725e+00
4.962937831878662109e+00,8.403360182318446050e+02,5.000000000000000000e+02,8.459018626274732924e+02,5.000000000000000000e+02,5.565844395628687380e+00
4.972944974899291992e+00,8.402798394887338418e+02,5.000000000000000000e+02,8.458705723093455617e+02,5.000000000000000000e+02,5.590732820611719944e+00
4.982952594757080078e+00,8.397929338486479764e+02,5.000000000000000000e+02,8.458391023631802454e+02,5.000000000000000000e+02,6.046168514532269000e+00
4.992959022521972656e+00,8.388566883859457448e+02,5.000000000000000000e+02,8.458074573901893700e+02,5.000000000000000000e+02,6.950769004243625204e+00
5.002966403961181641e+00,8.379203536932732277e+02,5.000000000000000000e+02,8.457756299436530298e+02,5.000000000000000000e+02,7.855276250379802150e+00
5.012973308563232422e+00,8.364784669736346814e+02,5.000000000000000000e+02,8.457436238920390679e+02,5.000000000000000000e+02,9.265156918404386488e+00
5.022980690002441406e+00,8.346807043637035122e+02,5.000000000000000000e+02,8.457114355156318197e+02,5.000000000000000000e+02,1.103073115192830755e+01
5.032989025115966797e+00,8.328827704322294494e+02,5.000000000000000000e+02,8.456790625711798839e+02,5.000000000000000000e+02,1.279629213895043449e+01
5.043012142181396484e+00,8.308383512001740883e+02,5.000000000000000000e+02,8.456464592277242218e+02,5.000000000000000000e+02,1.480810802755013356e+01
5.054002285003662109e+00,8.285966873343123780e+02,5.000000000000000000e+02,8.456104995132698150e+02,5.000000000000000000e+02,1.701381217895743703e+01
5.064009428024291992e+00,8.265180738392130024e+02,5.000000000000000000e+02,8.455775636272729798e+02,5.000000000000000000e+02,1.905948978805997740e+01
5.074016571044921875e+00,8.244394603441136269e+02,5.000000000000000000e+02,8.455444435140647101e+02,5.000000000000000000e+02,2.110498316995108326e+01
5.084023952484130859e+00,8.223607973263807480e+02,5.000000000000000000e+02,8.455111377015932703e+02,5.000000000000000000e+02,2.315034037521252230e+01
5.094030618667602539e+00,8.206193392738183547e+02,5.000000000000000000e+02,8.454776486995847335e+02,5.000000000000000000e+02,2.485830942576637881e+01
5.104038000106811523e+00,8.191399304593958277e+02,5.000000000000000000e+02,8.454439710419758285e+02,5.000000000000000000e+02,2.630404058258000077e+01
5.114044904708862305e+00,8.176605921366498251e+02,5.000000000000000000e+02,8.454101080541364581e+02,5.000000000000000000e+02,2.774951591748663304e+01
5.124052047729492188e+00,8.166868272560626565e+02,5.000000000000000000e+02,8.453760566415060111e+02,5.000000000000000000e+02,2.868922938544335466e+01
5.134077072143554688e+00,8.157113223910558872e+02,5.000000000000000000e+02,8.453417555760611322e+02,5.000000000000000000e+02,2.963043318500524492e+01
5.144082784652709961e+00,8.147376967092222912e+02,5.000000000000000000e+02,8.453073314727898833e+02,5.000000000000000000e+02,3.056963476356759202e+01
5.154089927673339844e+00,8.142695405166323326e+02,5.000000000000000000e+02,8.452727127908310649e+02,5.000000000000000000e+02,3.100317227419873234e+01
5.165081501007080078e+00,8.137553305056542285e+02,5.000000000000000000e+02,8.452344691817731928e+02,5.000000000000000000e+02,3.147913867611896421e+01
5.175104618072509766e+00,8.136990620864233961e+02,5.000000000000000000e+02,8.451993942184186608e+02,5.000000000000000000e+02,3.150033213199526472e+01
5.185113668441772461e+00,8.136990620864233961e+02,5.000000000000000000e+02,8.451641764737964877e+02,5.000000000000000000e+02,3.146511438737309163e+01
5.195118904113769531e+00,8.136990620864233961e+02,5.000000000000000000e+02,8.451287797006623350e+02,5.000000000000000000e+02,3.142971761423893895e+01
5.205125570297241211e+00,8.136990620864233961e+02,5.000000000000000000e+02,8.450931847214102390e+02,5.000000000000000000e+02,3.139412263498684297e+01
5.215132951736450195e+00,8.132496214339406606e+02,5.000000000000000000e+02,8.450573933272091836e+02,5.000000000000000000e+02,3.180777189326852294e+01
5.225141525268554688e+00,8.128001272434756856e+02,5.000000000000000000e+02,8.450214030649303822e+02,5.000000000000000000e+02,3.222127582145469660e+01
5.235147237777709961e+00,8.119575665572735943e+02,5.000000000000000000e+02,8.449852278648988886e+02,5.000000000000000000e+02,3.302766130762529428e+01
5.245155096054077148e+00,8.111148251803817857e+02,5.000000000000000000e+02,8.449488489518639653e+02,5.000000000000000000e+02,3.383402377148217965e+01
5.256145715713500977e+00,8.097162953032809583e+02,5.000000000000000000e+02,8.449086710514507104e+02,5.000000000000000000e+02,3.519237574816975211e+01
5.266154050827026367e+00,8.081805600701469530e+02,5.000000000000000000e+02,8.448718769218078251e+02,5.000000000000000000e+02,3.669131685166087209e+01
5.276177406311035156e+00,8.066425200268816980e+02,5.000000000000000000e+02,8.448348289718280739e+02,5.000000000000000000e+02,3.819230894494637596e+01
5.286184787750244141e+00,8.051069311308988290e+02,5.000000000000000000e+02,8.447976410903999067e+02,5.000000000000000000e+02,3.969070995950107772e+01
5.296191453933715820e+00,8.035714519877793691e+02,5.000000000000000000e+02,8.447602563725045002e+02,5.000000000000000000e+02,4.118880438472513106e+01
5.306197881698608398e+00,8.020360094289476365e+02,5.000000000000000000e+02,8.447226723642836532e+02,5.000000000000000000e+02,4.268666293533601674e+01
5.317205667495727539e+00,8.008618813270944656e+02,5.000000000000000000e+02,8.446810952015385965e+02,5.000000000000000000e+02,4.381921387444413085e+01
5.327214717864990234e+00,8.002063377355101466e+02,5.000000000000000000e+02,8.446430785296693102e+02,5.000000000000000000e+02,4.443674079415916367e+01
5.337219715118408203e+00,7.995510596030873103e+02,5.000000000000000000e+02,8.446048749108274478e+02,5.000000000000000000e+02,4.505381530774013754e+01
5.347226858139038086e+00,7.994012496214585326e+02,5.000000000000000000e+02,8.445664600272881444e+02,5.000000000000000000e+02,4.516521040582961177e+01
5.357234001159667969e+00,7.992514396398297549e+02,5.000000000000000000e+02,8.445278413442306373e+02,5.000000000000000000e+02,4.527640170440088241e+01
5.368225336074829102e+00,7.993768559548514077e+02,5.000000000000000000e+02,8.444851888620496538e+02,5.000000000000000000e+02,4.510833290719824618e+01
5.378232717514038086e+00,7.997383689276003906e+02,5.000000000000000000e+02,8.444461393018957551e+02,5.000000000000000000e+02,4.470777037429536449e+01
5.388239383697509766e+00,8.000998560619990485e+02,5.000000000000000000e+02,8.444068865492457689e+02,5.000000000000000000e+02,4.430703048724672044e+01
5.398246765136718750e+00,8.005374462285277559e+02,5.000000000000000000e+02,8.443674242816184687e+02,5.000000000000000000e+02,4.382997805309071282e+01
5.408253669738769531e+00,8.009750155445219661e+02,5.000000000000000000e+02,8.443277564803089490e+02,5.000000000000000000e+02,4.335274093578698285e+01
5.418260812759399414e+00,8.014125952857833681e+02,5.000000000000000000e+02,8.442878796042077738e+02,5.000000000000000000e+02,4.287528431842440568e+01
5.428285837173461914e+00,8.013375564500136079e+02,5.000000000000000000e+02,8.442477220665923596e+02,5.000000000000000000e+02,4.291016561657875172e+01
5.438291311264038086e+00,8.012626639513950977e+02,5.000000000000000000e+02,8.442074331448436624e+02,5.000000000000000000e+02,4.294476919344856469e+01
5.449283123016357422e+00,8.009541312525605008e+02,5.000000000000000000e+02,8.441629302076394197e+02,5.000000000000000000e+02,4.320879895507891888e+01
5.459290266036987305e+00,8.004485225645632909e+02,5.000000000000000000e+02,8.441221925064328389e+02,5.000000000000000000e+02,4.367366994186954798e+01
5.469297170639038086e+00,7.999429259226120621e+02,5.000000000000000000e+02,8.440812439969778325e+02,5.000000000000000000e+02,4.413831807436577037e+01
5.479304313659667969e+00,7.994185909869113402e+02,5.000000000000000000e+02,8.440400820082700193e+02,5.000000000000000000e+02,4.462149102135867906e+01
5.489311456680297852e+00,7.990815185282465336e+02,5.000000000000000000e+02,8.439987067925389965e+02,5.000000000000000000e+02,4.491718826429246292e+01
5.499318599700927734e+00,7.987444460695817270e+02,5.000000000000000000e+02,8.439571176278566327e+02,5.000000000000000000e+02,4.521267155827490569e+01
5.509325504302978516e+00,7.986882686649204288e+02,5.000000000000000000e+02,8.439153147897600320e+02,5.000000000000000000e+02,4.522704612483960318e+01
5.519332885742187500e+00,7.986320885833600869e+02,5.000000000000000000e+02,8.438732945585895777e+02,5.000000000000000000e+02,4.524120597522949083e+01
5.529340028762817383e+00,7.985759098402493237e+02,5.000000000000000000e+02,8.438310592048175067e+02,5.000000000000000000e+02,4.525514936456818305e+01
5.539346933364868164e+00,7.990324975484465995e+02,5.000000000000000000e+02,8.437886080177286203e+02,5.000000000000000000e+02,4.475611046928202086e+01
5.549354076385498047e+00,7.994890961350320140e+02,5.000000000000000000e+02,8.437459382472542302e+02,5.000000000000000000e+02,4.425684211222221620e+01
5.559360980987548828e+00,8.002690696583430281e+02,5.000000000000000000e+02,8.437030511983236920e+02,5.000000000000000000e+02,4.343398153998066391e+01
5.569368124008178711e+00,8.012392502180806559e+02,5.000000000000000000e+02,8.436599440979819065e+02,5.000000000000000000e+02,4.242069387990125051e+01
5.579375505447387695e+00,8.022094538922146967e+02,5.000000000000000000e+02,8.436166162001240991e+02,5.000000000000000000e+02,4.140716230790940244e+01
5.589382410049438477e+00,8.031986297297589772e+02,5.000000000000000000e+02,8.435730698779107115e+02,5.000000000000000000e+02,4.037444014815173432e+01
5.599389553070068359e+00,8.041878291348205039e+02,5.000000000000000000e+02,8.435293012941724555e+02,5.000000000000000000e+02,3.934147215935195163e+01
5.609396457672119141e+00,8.051770049723647844e+02,5.000000000000000000e+02,8.434853118009239097e+02,5.000000000000000000e+02,3.830830682855912528e+01
5.619403839111328125e+00,8.056906723326731026e+02,5.000000000000000000e+02,8.434410975113802351e+02,5.000000000000000000e+02,3.775042517870713255e+01
5.629410982131958008e+00,8.062043274552304410e+02,5.000000000000000000e+02,8.433966608420136026e+02,5.000000000000000000e+02,3.719233338678316159e+01
5.639417886734008789e+00,8.062424373872987644e+02,5.000000000000000000e+02,8.433520010720928894e+02,5.000000000000000000e+02,3.710956368479412504e+01
5.649425029754638672e+00,8.059240911763375834e+02,5.000000000000000000e+02,8.433071153357868752e+02,5.000000000000000000e+02,3.738302415944929180e+01
5.659432172775268555e+00,8.056057449653764024e+02,5.000000000000000000e+02,8.432620039556442180e+02,5.000000000000000000e+02,3.765625899026781553e+01
5.669456481933593750e+00,8.052868526669973335e+02,5.000000000000000000e+02,8.432165882250060349e+02,5.000000000000000000e+02,3.792973555800870145e+01
5.679463148117065430e+00,8.049685216251310749e+02,5.000000000000000000e+02,8.431710251229308142e+02,5.000000000000000000e+02,3.820250349779973931e+01
5.689472675323486328e+00,8.046500995686951683e+02,5.000000000000000000e+02,8.431252210499892499e+02,5.000000000000000000e+02,3.847512148129408160e+01
5.700478553771972656e+00,8.045677188909744473e+02,5.000000000000000000e+02,8.430745935946056306e+02,5.000000000000000000e+02,3.850687470363118337e+01
5.711469173431396484e+00,8.048394231674194543e+02,5.000000000000000000e+02,8.430237593979477424e+02,5.000000000000000000e+02,3.818433623052828807e+01
5.721476078033447266e+00,8.050868085613834637e+02,5.000000000000000000e+02,8.429772335868060509e+02,5.000000000000000000e+02,3.789042502542258717e+01
5.731483459472656250e+00,8.056385145185815873e+02,5.000000000000000000e+02,8.429304745592392010e+02,5.000000000000000000e+02,3.729196004065761372e+01
5.741507530212402344e+00,8.061911405552814358e+02,5.000000000000000000e+02,8.428834052189254180e+02,5.000000000000000000e+02,3.669226466364398220e+01
5.751515388488769531e+00,8.071423702535214488e+02,5.000000000000000000e+02,8.428361792943511546e+02,5.000000000000000000e+02,3.569380904082970574e+01
5.761522293090820312e+00,8.084168951217733365e+02,5.000000000000000000e+02,8.427887246298273567e+02,5.000000000000000000e+02,3.437182950805402015e+01
5.771529197692871094e+00,8.096914199900252243e+02,5.000000000000000000e+02,8.427410359858351967e+02,5.000000000000000000e+02,3.304961599580997245e+01
5.781536102294921875e+00,8.111371835357666669e+02,5.000000000000000000e+02,8.426931126110224568e+02,5.000000000000000000e+02,3.155592907525578994e+01
5.791543960571289062e+00,8.125830848651301039e+02,5.000000000000000000e+02,8.426449491521532309e+02,5.000000000000000000e+02,3.006186428702312696e+01
5.802533388137817383e+00,8.141707999874464576e+02,5.000000000000000000e+02,8.425917896199338202e+02,5.000000000000000000e+02,2.842098963248736254e+01
5.812540769577026367e+00,8.150839457662457335e+02,5.000000000000000000e+02,8.425431318780410948e+02,5.000000000000000000e+02,2.745918611179536128e+01
5.822547674179077148e+00,8.159970480349778654e+02,5.000000000000000000e+02,8.424942386282177722e+02,5.000000000000000000e+02,2.649719059323990678e+01
5.832567453384399414e+00,8.169113250755224271e+02,5.000000000000000000e+02,8.424450434354835124e+02,5.000000000000000000e+02,2.553371835996108530e+01
5.842578172683715820e+00,8.173300355536541701e+02,5.000000000000000000e+02,8.423956530986829421e+02,5.000000000000000000e+02,2.506561754502877193e+01
5.852586984634399414e+00,8.177486662546156140e+02,5.000000000000000000e+02,8.423460319632337132e+02,5.000000000000000000e+02,2.459736570861809923e+01
5.862594604492187500e+00,8.176737576946023864e+02,5.000000000000000000e+02,8.422961758347703380e+02,5.000000000000000000e+02,2.462241814016795161e+01
5.873584270477294922e+00,8.172213314073154606e+02,5.000000000000000000e+02,8.422411489211995104e+02,5.000000000000000000e+02,2.501981751388404973e+01
5.883591175079345703e+00,8.168093637731329864e+02,5.000000000000000000e+02,8.421907885113523662e+02,5.000000000000000000e+02,2.538142473821937983e+01
5.893615961074829102e+00,8.163779007289035690e+02,5.000000000000000000e+02,8.421400942453881271e+02,5.000000000000000000e+02,2.576219351648455813e+01
5.903623819351196289e+00,8.161718972812188895e+02,5.000000000000000000e+02,8.420892413495150777e+02,5.000000000000000000e+02,2.591734406829618820e+01
5.913629293441772461e+00,8.159659429100178158e+02,5.000000000000000000e+02,8.420381558654148648e+02,5.000000000000000000e+02,2.607221295539704897e+01
5.923637628555297852e+00,8.157599296470364152e+02,5.000000000000000000e+02,8.419868102290481602e+02,5.000000000000000000e+02,2.622688058201174499e+01
5.933643341064453125e+00,8.155539703681870378e+02,5.000000000000000000e+02,8.419352317976758968e+02,5.000000000000000000e+02,2.638126142948885899e+01
5.943650245666503906e+00,8.153479865510958007e+02,5.000000000000000000e+02,8.418834001921150048e+02,5.000000000000000000e+02,2.653541364101920408e+01
5.953658103942871094e+00,8.160519535884074003e+02,5.000000000000000000e+02,8.418313157990666014e+02,5.000000000000000000e+02,2.577936221065920108e+01
5.963665246963500977e+00,8.167558703136094209e+02,5.000000000000000000e+02,8.417789865256414714e+02,5.000000000000000000e+02,2.502311621203205050e+01
5.973671674728393555e+00,8.176689290722744090e+02,5.000000000000000000e+02,8.417264116545519528e+02,5.000000000000000000e+02,2.405748258227754377e+01
5.984662771224975586e+00,8.186718361195571561e+02,5.000000000000000000e+02,8.416683749689883598e+02,5.000000000000000000e+02,2.299653884943120374e+01
5.994687557220458984e+00,8.195865700158066147e+02,5.000000000000000000e+02,8.416151767441472202e+02,5.000000000000000000e+02,2.202860672834060551e+01
6.004693508148193359e+00,8.202333531483349134e+02,5.000000000000000000e+02,8.415618265343705389e+02,5.000000000000000000e+02,2.132847338603562548e+01
6.014701366424560547e+00,8.204046081451494956e+02,5.000000000000000000e+02,8.415082136082344277e+02,5.000000000000000000e+02,2.110360546308493213e+01
6.025692224502563477e+00,8.205926842862337480e+02,5.000000000000000000e+02,8.414490427461651052e+02,5.000000000000000000e+02,2.085635845993135717e+01
6.035699367523193359e+00,8.203305168183833302e+02,5.000000000000000000e+02,8.413949012263633449e+02,5.000000000000000000e+02,2.106438440798001466e+01
6.045706272125244141e+00,8.200683555966309086e+02,5.000000000000000000e+02,8.413405060645136473e+02,5.000000000000000000e+02,2.127215046788273867e+01
6.055731058120727539e+00,8.195430962384384657e+02,5.000000000000000000e+02,8.412857573098235662e+02,5.000000000000000000e+02,2.174266107138510051e+01
6.065738201141357422e+00,8.190187613027377438e+02,5.000000000000000000e+02,8.412308481829717266e+02,5.000000000000000000e+02,2.221208688023398281e+01
6.075743913650512695e+00,8.184945013202119526e+02,5.000000000000000000e+02,8.411756896791289364e+02,5.000000000000000000e+02,2.268118835891698382e+01
6.085752010345458984e+00,8.182884929648789694e+02,5.000000000000000000e+02,8.411202599506015076e+02,5.000000000000000000e+02,2.283176698572253827e+01
6.095759391784667969e+00,8.180824993324910110e+02,5.000000000000000000e+02,8.410645753164460530e+02,5.000000000000000000e+02,2.298207598395504192e+01
6.105766773223876953e+00,8.178765057001030527e+02,5.000000000000000000e+02,8.410086310408946702e+02,5.000000000000000000e+02,2.313212534079161742e+01
6.115772247314453125e+00,8.183520438114486524e+02,5.000000000000000000e+02,8.409524370765768708e+02,5.000000000000000000e+02,2.260039326512821845e+01
6.125779151916503906e+00,8.188276499118488800e+02,5.000000000000000000e+02,8.408959739103224820e+02,5.000000000000000000e+02,2.206832399847360193e+01
6.135788202285766602e+00,8.197219255055915710e+02,5.000000000000000000e+02,8.408392365797488992e+02,5.000000000000000000e+02,2.111731107415732822e+01
6.146777868270874023e+00,8.210171885482432117e+02,5.000000000000000000e+02,8.407766377330835894e+02,5.000000000000000000e+02,1.975944918484037771e+01
6.156785011291503906e+00,8.221966495559495343e+02,5.000000000000000000e+02,8.407193589364612762e+02,5.000000000000000000e+02,1.852270938051174198e+01
6.166791915893554688e+00,8.234141192475923390e+02,5.000000000000000000e+02,8.406618170862800525e+02,5.000000000000000000e+02,1.724769783868771356e+01
6.176817417144775391e+00,8.244051333514886437e+02,5.000000000000000000e+02,8.406039023558657846e+02,5.000000000000000000e+02,1.619876900437714085e+01
6.186822414398193359e+00,8.253941206488941589e+02,5.000000000000000000e+02,8.405458399033218484e+02,5.000000000000000000e+02,1.515171925442768952e+01
6.197814226150512695e+00,8.260837394390237023e+02,5.000000000000000000e+02,8.404817431541866881e+02,5.000000000000000000e+02,1.439800371516298583e+01
6.207838296890258789e+00,8.262362208474528416e+02,5.000000000000000000e+02,8.404230080928325606e+02,5.000000000000000000e+02,1.418678724537971902e+01
6.217845439910888672e+00,8.263884447594497260e+02,5.000000000000000000e+02,8.403641035219939113e+02,5.000000000000000000e+02,1.397565876254418527e+01
6.227851867675781250e+00,8.262011956669092569e+02,5.000000000000000000e+02,8.403049339259889621e+02,5.000000000000000000e+02,1.410373825907970513e+01
6.237860202789306641e+00,8.260139108823807419e+02,5.000000000000000000e+02,8.402454829527200673e+02,5.000000000000000000e+02,1.423157207033932536e+01
6.247866868972778320e+00,8.258266573283417529e+02,5.000000000000000000e+02,8.401857710392534955e+02,5.000000000000000000e+02,1.435911371091174260e+01
6.258857488632202148e+00,8.254153250115473384e+02,5.000000000000000000e+02,8.401198746290992858e+02,5.000000000000000000e+02,1.470454961755194745e+01
6.268881797790527344e+00,8.250401576016896570e+02,5.000000000000000000e+02,8.400594853008544760e+02,5.000000000000000000e+02,1.501932769916481902e+01
6.278890132904052734e+00,8.248154158602553707e+02,5.000000000000000000e+02,8.399989185885614233e+02,5.000000000000000000e+02,1.518350272830605263e+01
6.288896083831787109e+00,8.247966918433010051e+02,5.000000000000000000e+02,8.399380922029797603e+02,5.000000000000000000e+02,1.514140035967875519e+01
6.299886703491210938e+00,8.247761252274613071e+02,5.000000000000000000e+02,8.398709631897484087e+02,5.000000000000000000e+02,1.509483796228710162e+01
6.309910058975219727e+00,8.247573686415678367e+02,5.000000000000000000e+02,8.398094520413405917e+02,5.000000000000000000e+02,1.505208339977275500e+01
6.319921731948852539e+00,8.250048719166877618e+02,5.000000000000000000e+02,8.397477355522100879e+02,5.000000000000000000e+02,1.474286363552232615e+01
6.330908536911010742e+00,8.252764818882079680e+02,5.000000000000000000e+02,8.396796883137493523e+02,5.000000000000000000e+02,1.440320642554138431e+01
6.340936660766601562e+00,8.253527900708447760e+02,5.000000000000000000e+02,8.396172858957816061e+02,5.000000000000000000e+02,1.426449582493683010e+01
6.350939750671386719e+00,8.254289077596945390e+02,5.000000000000000000e+02,8.395547600162268509e+02,5.000000000000000000e+02,1.412585225653231191e+01
6.360949277877807617e+00,8.255050744326608765e+02,5.000000000000000000e+02,8.394919139297375068e+02,5.000000000000000000e+02,1.398683949707663032e+01
6.371956110000610352e+00,8.252991048923648805e+02,5.000000000000000000e+02,8.394224818677588473e+02,5.000000000000000000e+02,1.412337697539396686e+01
6.381961822509765625e+00,8.251118691843199713e+02,5.000000000000000000e+02,8.393590693556664064e+02,5.000000000000000000e+02,1.424720017134643513e+01
6.391969442367553711e+00,8.249807792042968231e+02,5.000000000000000000e+02,8.392953623211842569e+02,5.000000000000000000e+02,1.431458311688743379e+01
6.401977062225341797e+00,8.249808523571874730e+02,5.000000000000000000e+02,8.392313720144634317e+02,5.000000000000000000e+02,1.425051965727595871e+01
6.411984443664550781e+00,8.249809255083353037e+02,5.000000000000000000e+02,8.391670991582006991e+02,5.000000000000000000e+02,1.418617364986539542e+01
6.421990633010864258e+00,8.250190327164497148e+02,5.000000000000000000e+02,8.391025491257123576e+02,5.000000000000000000e+02,1.408351640926264281e+01
6.431998968124389648e+00,8.250381269854973425e+02,5.000000000000000000e+02,8.390376995299777718e+02,5.000000000000000000e+02,1.399957254448042931e+01
6.442005634307861328e+00,8.250572180704989478e+02,5.000000000000000000e+02,8.389725742536562620e+02,5.000000000000000000e+02,1.391535618315731426e+01
6.452010869979858398e+00,8.250572912059618602e+02,5.000000000000000000e+02,8.389071710630814778e+02,5.000000000000000000e+02,1.384987985711961755e+01
6.462019205093383789e+00,8.250573643640808541e+02,5.000000000000000000e+02,8.388414594582563950e+02,5.000000000000000000e+02,1.378409509417554091e+01
6.472024679183959961e+00,8.250011949901169146e+02,5.000000000000000000e+02,8.387754777465225970e+02,5.000000000000000000e+02,1.377428275640568245e+01
6.483016490936279297e+00,8.249394884503500407e+02,5.000000000000000000e+02,8.387026576312023280e+02,5.000000000000000000e+02,1.376316918085228735e+01
6.493041515350341797e+00,8.248832093235226921e+02,5.000000000000000000e+02,8.386359366844017131e+02,5.000000000000000000e+02,1.375272736087902103e+01
6.504031658172607422e+00,8.248420778764426586e+02,5.000000000000000000e+02,8.385624562932574690e+02,5.000000000000000000e+02,1.372037841681481041e+01
6.514038562774658203e+00,8.248046262733352023e+02,5.000000000000000000e+02,8.384952431511221675e+02,5.000000000000000000e+02,1.369061687778696523e+01
6.524063348770141602e+00,8.247671077477500603e+02,5.000000000000000000e+02,8.384276159242724589e+02,5.000000000000000000e+02,1.366050817652239857e+01
6.534069061279296875e+00,8.247296606061411239e+02,5.000000000000000000e+02,8.383598231393181095e+02,5.000000000000000000e+02,1.363016253317698556e+01
6.544077634811401367e+00,8.246922027569356715e+02,5.000000000000000000e+02,8.382917160719853200e+02,5.000000000000000000e+02,1.359951331504964855e+01
6.554085016250610352e+00,8.246547493692287389e+02,5.000000000000000000e+02,8.382233214051182131e+02,5.000000000000000000e+02,1.356857203588947414e+01
6.564092159271240234e+00,8.246172968738214877e+02,5.000000000000000000e+02,8.381546318591621230e+02,5.000000000000000000e+02,1.353733498534063528e+01
6.575082063674926758e+00,8.245761663190411355e+02,5.000000000000000000e+02,8.380788539929239960e+02,5.000000000000000000e+02,1.350268767388286051e+01
6.585088729858398438e+00,8.245387156082333604e+02,5.000000000000000000e+02,8.380095429426876308e+02,5.000000000000000000e+02,1.347082733445427039e+01
6.595096111297607422e+00,8.245012622205264279e+02,5.000000000000000000e+02,8.379399278679820782e+02,5.000000000000000000e+02,1.343866564745565029e+01
6.605103254318237305e+00,8.244638097251191766e+02,5.000000000000000000e+02,8.378700145529758174e+02,5.000000000000000000e+02,1.340620482785664080e+01
6.615126848220825195e+00,8.244262956610325546e+02,5.000000000000000000e+02,8.377996848394134304e+02,5.000000000000000000e+02,1.337338917838087582e+01
6.626118183135986328e+00,8.243851597524540011e+02,5.000000000000000000e+02,8.377222172470320629e+02,5.000000000000000000e+02,1.333705749457806178e+01
6.636125326156616211e+00,8.243477072570467499e+02,5.000000000000000000e+02,8.376513689842529402e+02,5.000000000000000000e+02,1.330366172720619033e+01
6.646132469177246094e+00,8.243102547616394986e+02,5.000000000000000000e+02,8.375802174203204231e+02,5.000000000000000000e+02,1.326996265868092451e+01
6.656139612197875977e+00,8.242728022662322473e+02,5.000000000000000000e+02,8.375087617224023688e+02,5.000000000000000000e+02,1.323595945617012148e+01
6.666146516799926758e+00,8.242353506631247910e+02,5.000000000000000000e+02,8.374370027701637582e+02,5.000000000000000000e+02,1.320165210703896719e+01
6.676153659820556641e+00,8.241978981677175398e+02,5.000000000000000000e+02,8.373649363097625837e+02,5.000000000000000000e+02,1.316703814204504397e+01
6.686161041259765625e+00,8.241604447800106072e+02,5.000000000000000000e+02,8.372925614840024764e+02,5.000000000000000000e+02,1.313211670399186914e+01
6.696167945861816406e+00,8.241229931769031509e+02,5.000000000000000000e+02,8.372198826405647196e+02,5.000000000000000000e+02,1.309688946366156870e+01
6.706193208694458008e+00,8.240854728667185327e+02,5.000000000000000000e+02,8.371467613184718175e+02,5.000000000000000000e+02,1.306128845175328479e+01
6.717182397842407227e+00,8.240443449888373380e+02,5.000000000000000000e+02,8.370662529168153014e+02,5.000000000000000000e+02,1.302190792797796348e+01
6.727189779281616211e+00,8.240068916011304054e+02,5.000000000000000000e+02,8.369926121138823873e+02,5.000000000000000000e+02,1.298572051275198191e+01
6.737197399139404297e+00,8.239694373211237917e+02,5.000000000000000000e+02,8.369186586204007199e+02,5.000000000000000000e+02,1.294922129927692822e+01
6.747203826904296875e+00,8.239319875026156978e+02,5.000000000000000000e+02,8.368444022116898395e+02,5.000000000000000000e+02,1.291241470907414168e+01
6.757210969924926758e+00,8.238945350072084466e+02,5.000000000000000000e+02,8.367698279148050915e+02,5.000000000000000000e+02,1.287529290759664491e+01
6.767218589782714844e+00,8.238570807272018328e+02,5.000000000000000000e+02,8.366949366086817008e+02,5.000000000000000000e+02,1.283785588147986800e+01
6.777225494384765625e+00,8.238196291240943765e+02,5.000000000000000000e+02,8.366197363827909612e+02,5.000000000000000000e+02,1.280010725869658472e+01
6.787232875823974609e+00,8.237821757363874440e+02,5.000000000000000000e+02,8.365442174464801610e+02,5.000000000000000000e+02,1.276204171009271704e+01
6.797239780426025391e+00,8.237447241332799877e+02,5.000000000000000000e+02,8.364683861522477173e+02,5.000000000000000000e+02,1.272366201896772964e+01
6.807246685028076172e+00,8.237072725301725313e+02,5.000000000000000000e+02,8.363922380642472945e+02,5.000000000000000000e+02,1.268496553407476313e+01
