1.098799705505371094e-02,8.375448316109043390e+02,8.464119120358504915e+02,8.499999997559159510e+02,8.499999997559159510e+02,-2.972744252711020997e-05,-1.161228223715242577e-07,1.296169691851327599e+01
2.332880496978759766e-01,8.369327004017320633e+02,8.459909346472009020e+02,8.499998307826926975e+02,8.499998307826926975e+02,-3.686686986888045405e-05,-1.440112104253142736e-07,1.366825316630422371e+01
2.432947158813476562e-01,8.367828244214891811e+02,8.459819207312268645e+02,8.499998127318169736e+02,8.499998127318169736e+02,-3.718824570888097289e-05,-1.452665848003163004e-07,1.381420414369743987e+01
2.553036212921142578e-01,8.367413758959268080e+02,8.459306946365072690e+02,8.499997894892139811e+02,8.499997894892139811e+02,-3.757392581383405119e-05,-1.467731477102892625e-07,1.386878018900675791e+01
2.753181457519531250e-01,8.367704234603162377e+02,8.459540962704468257e+02,8.499997467417247208e+02,8.499997467417247208e+02,-3.821671577929885706e-05,-1.492840460128861604e-07,1.383409853296439351e+01
2.962942123413085938e-01,8.367667318807303900e+02,8.459500935636247050e+02,8.499996962487311976e+02,8.499996962487311976e+02,-3.889038679984268643e-05,-1.519155734368854939e-07,1.383873649839466857e+01
3.154191970825195312e-01,8.366550061944769823e+02,8.459211942667318453e+02,8.499996448114231953e+02,8.499996448114231953e+02,-3.950460815224032471e-05,-1.543148755946887684e-07,1.395396497997559493e+01
3.365182876586914062e-01,8.366409998347837700e+02,8.458911308006806848e+02,8.499995817146690342e+02,8.499995817146690342e+02,-4.018223023264549162e-05,-1.569618368462714516e-07,1.397608953728655123e+01
3.565740585327148438e-01,8.366400200101596738e+02,8.459088794574138319e+02,8.499995151943255678e+02,8.499995151943255678e+02,-4.082634487515682579e-05,-1.594779096685813507e-07,1.397173619518530430e+01
3.757963180541992188e-01,8.366125121511267935e+02,8.459796854032570081e+02,8.499994451072192305e+02,8.499994451072192305e+02,-4.144369032139831393e-05,-1.618894153179621638e-07,1.397742615965157853e+01
3.969762325286865234e-01,8.365353636928796277e+02,8.459252923394137724e+02,8.499993603041930328e+02,8.499993603041930328e+02,-4.212390815624727553e-05,-1.645465162353409201e-07,1.406688432209135264e+01
4.164388179779052734e-01,8.365064844138310036e+02,8.459888836784880368e+02,8.499992749951313726e+02,8.499992749951313726e+02,-4.274897195198533114e-05,-1.669881716874426998e-07,1.407617263972832156e+01
4.363677501678466797e-01,8.365168647557186432e+02,8.459497450750909593e+02,8.499991799280054465e+02,8.499991799280054465e+02,-4.338901302115124925e-05,-1.694883321138720674e-07,1.407731313258583228e+01
4.564485549926757812e-01,8.364907541181739816e+02,8.460135303413858310e+02,8.499990758430628830e+02,8.499990758430628830e+02,-4.403393165840181018e-05,-1.720075455406320710e-07,1.408400968364633066e+01
4.768955707550048828e-01,8.364352699013077199e+02,8.460683129447652391e+02,8.499989608786222561e+02,8.499989608786222561e+02,-4.469061159012333332e-05,-1.745727015239192708e-07,1.412174585906495494e+01
4.969871044158935547e-01,8.362950098574433468e+02,8.461088658637345361e+02,8.499988386548134258e+02,8.499988386548134258e+02,-4.533587479654784859e-05,-1.770932609240150335e-07,1.424523822275231666e+01
5.155448913574218750e-01,8.362805494546207683e+02,8.461436675712461692e+02,8.499987172309326979e+02,8.499987172309326979e+02,-4.593187992528244962e-05,-1.794214059581345688e-07,1.424954508107863127e+01
5.360789299011230469e-01,8.361827563419849412e+02,8.461983056306612525e+02,8.499985728974304493e+02,8.499985728974304493e+02,-4.659135469585938235e-05,-1.819974792807007123e-07,1.432895035906676640e+01
5.573012828826904297e-01,8.361630283298388804e+02,8.462454781336164160e+02,8.499984122130252899e+02,8.499984122130252899e+02,-4.727293549321864722e-05,-1.846599042703853407e-07,1.433535354986136312e+01
5.765204429626464844e-01,8.361692474642734396e+02,8.462002056230960534e+02,8.499982561490361377e+02,8.499982561490361377e+02,-4.789018139725432452e-05,-1.870710210830247052e-07,1.434108325757980928e+01
5.969908237457275391e-01,8.361440129694346979e+02,8.462379375675245683e+02,8.499980784220911119e+02,8.499980784220911119e+02,-4.854761172406579220e-05,-1.896391082971320008e-07,1.435527041935011461e+01
6.162738800048828125e-01,8.361261193669081422e+02,8.461907231441603017e+02,8.499978997051804299e+02,8.499978997051804299e+02,-4.916690972895968820e-05,-1.920582411287487820e-07,1.438474480552431167e+01
6.370112895965576172e-01,8.361348135310099678e+02,8.462327005225781704e+02,8.499976947727903962e+02,8.499976947727903962e+02,-4.983291599965621879e-05,-1.946598281236571046e-07,1.436504987905850506e+01
6.570155620574951172e-01,8.361379316911470596e+02,8.462310326761007673e+02,8.499974840773259075e+02,8.499974840773259075e+02,-5.047537671013257760e-05,-1.971694402739553813e-07,1.436221948387597358e+01
6.762461662292480469e-01,8.361036474084548900e+02,8.462666795522277425e+02,8.499972690165286622e+02,8.499972690165286622e+02,-5.109299015462047692e-05,-1.995819927914862380e-07,1.438575751010309034e+01
6.981103420257568359e-01,8.360846664948223861e+02,8.462557090510267699e+02,8.499970090190004157e+02,8.499970090190004157e+02,-5.179518384567494528e-05,-2.023249368971677550e-07,1.440661653409335052e+01
7.165477275848388672e-01,8.361278610729243610e+02,8.462168419641636774e+02,8.499967764875236753e+02,8.499967764875236753e+02,-5.238732214256851234e-05,-2.046379771194082513e-07,1.437479459951338789e+01
7.368795871734619141e-01,8.360530268673098817e+02,8.462270446930610888e+02,8.499965054463071965e+02,8.499965054463071965e+02,-5.304030369848959506e-05,-2.071886863222249807e-07,1.444401015138177158e+01
7.562305927276611328e-01,8.360940926548512380e+02,8.462356396265176954e+02,8.499962327424645991e+02,8.499962327424645991e+02,-5.366178397481852159e-05,-2.096163436516348500e-07,1.440179015259331052e+01
7.772681713104248047e-01,8.361003374511984703e+02,8.462573792189728010e+02,8.499959193765666896e+02,8.499959193765666896e+02,-5.433743052529302651e-05,-2.122555879894258848e-07,1.438971436667740456e+01
7.969167232513427734e-01,8.361136971863722920e+02,8.462523275756366274e+02,8.499956102516043757e+02,8.499956102516043757e+02,-5.496846685337962381e-05,-2.147205736460141555e-07,1.437774932118589533e+01
8.171162605285644531e-01,8.360685291671584309e+02,8.462437004441774206e+02,8.499952753203540396e+02,8.499952753203540396e+02,-5.561719872282192971e-05,-2.172546825110231629e-07,1.442319563990963438e+01
8.370139598846435547e-01,8.360458542530730028e+02,8.462451430474402514e+02,8.499949278378185227e+02,8.499949278378185227e+02,-5.625623671283701971e-05,-2.197509246595196082e-07,1.444429090841074981e+01
8.570497035980224609e-01,8.360775404091421024e+02,8.462435918622466033e+02,8.499945597556658186e+02,8.499945597556658186e+02,-5.689970815955696704e-05,-2.222644849982694025e-07,1.441364588259948754e+01
8.763005733489990234e-01,8.361243560363338929e+02,8.462782550257197727e+02,8.499941883484023037e+02,8.499941883484023037e+02,-5.751797245692900006e-05,-2.246795799098789065e-07,1.435898355816035554e+01
8.970291614532470703e-01,8.360457496382277895e+02,8.462528340585668047e+02,8.499937683666648809e+02,8.499937683666648809e+02,-5.818369541519361897e-05,-2.272800602156000741e-07,1.444097697340235520e+01
9.178743362426757812e-01,8.360417189634731585e+02,8.462623692328552352e+02,8.499933243716147899e+02,8.499933243716147899e+02,-5.885316269181520689e-05,-2.298951667649031519e-07,1.444185998103856328e+01
9.369635581970214844e-01,8.359968966664539494e+02,8.462847201829358710e+02,8.499928981368186669e+02,8.499928981368186669e+02,-5.946623548029967085e-05,-2.322899823449205893e-07,1.447890330432915640e+01
9.574801921844482422e-01,8.360433496002110587e+02,8.462546807949884169e+02,8.499924184521069037e+02,8.499924184521069037e+02,1.223640774160077095e-04,-2.348638721996309122e-07,1.444116354828697624e+01
9.769182205200195312e-01,8.360559255768231424e+02,8.462675481531766764e+02,8.499919427540917241e+02,8.499919427540917241e+02,1.853332110041577591e-04,-2.373024468683198046e-07,1.442510623560360905e+01
9.970982074737548828e-01,8.359700739793481716e+02,8.462973256723300892e+02,8.499914263960286007e+02,8.499914263960286007e+02,3.120241680951186007e-04,-1.249535676998899129e-04,1.449981736952503830e+01
1.017920970916748047e+00,8.360562950584046575e+02,8.462695915365770816e+02,8.499908688564977410e+02,8.499908688564977410e+02,3.784588273269578920e-04,-1.263145733743402052e-04,1.442290719051669612e+01
1.036861419677734375e+00,8.360008358017043975e+02,8.462863450523366282e+02,8.499903392745713973e+02,8.499903392745713973e+02,4.458218625444282423e-04,-1.275525482622993445e-04,1.447155073292791272e+01
1.057049512863159180e+00,8.360047454344157813e+02,8.462451534265112514e+02,8.499897506057372993e+02,8.499897506057372993e+02,4.504338603690022542e-04,-1.288720709787205770e-04,1.447765097232825582e+01
1.075363874435424805e+00,8.360227149850759361e+02,8.462911410985468592e+02,8.499891943937467431e+02,8.499891943937467431e+02,3.897080660730057396e-04,-1.300691239103369515e-04,1.444777302032961686e+01
1.096907615661621094e+00,8.359902111705880543e+02,8.462677898032156918e+02,8.499885123538236940e+02,8.499885123538236940e+02,3.939270500325779863e-04,-1.314772537264401826e-04,1.448434369639091379e+01
1.117876529693603516e+00,8.359772595681110943e+02,8.463073337574041943e+02,8.499878189125297467e+02,8.499878189125297467e+02,3.980334636318563248e-04,-1.328478120129385892e-04,1.448591537047543198e+01
1.137201547622680664e+00,8.360576376878000247e+02,8.462672768198262929e+02,8.499871532687293438e+02,8.499871532687293438e+02,4.018179474782404017e-04,-1.341109228931218705e-04,1.441765879449421028e+01
1.155375719070434570e+00,8.359583172834007883e+02,8.463041725845246219e+02,8.499865034185509103e+02,8.499865034185509103e+02,4.053770571524393618e-04,-1.352988127971946797e-04,1.450343292512634186e+01
1.175447463989257812e+00,8.360370268947165187e+02,8.462311439636719115e+02,8.499857581870744525e+02,8.499857581870744525e+02,4.093077750794709584e-04,-1.366107308240899199e-04,1.444521486974084823e+01
1.197901725769042969e+00,8.360007715653423475e+02,8.463290797097072300e+02,8.499848893637786205e+02,8.499848893637786205e+02,4.137050693691812406e-04,-1.380783735690861215e-04,1.445408228935146688e+01
1.217014551162719727e+00,8.360353583245994287e+02,8.463023366190843717e+02,8.499841198407458478e+02,8.499841198407458478e+02,4.174479988312180829e-04,-1.393276152409126485e-04,1.442648521039117604e+01
1.237029790878295898e+00,8.359755561181309531e+02,8.463326811151737274e+02,8.499832836639427569e+02,8.499832836639427569e+02,4.213676511525302985e-04,-1.406358400067061587e-04,1.447561155760867102e+01
1.257992506027221680e+00,8.360142888057000619e+02,8.462701362607886040e+02,8.499823738263999076e+02,8.499823738263999076e+02,4.254728508035017422e-04,-1.420059931253199166e-04,1.445296187253793185e+01
1.277220487594604492e+00,8.359996873168788625e+02,8.462559752005709015e+02,8.499815078749661552e+02,8.499815078749661552e+02,4.292383316898530188e-04,-1.432627615697715587e-04,1.446965444737845452e+01
1.296932697296142578e+00,8.359810024346397768e+02,8.462867478174694043e+02,8.499805881723896164e+02,8.499805881723896164e+02,4.330986406150914977e-04,-1.445511798593610800e-04,1.447870358133786084e+01
1.317079544067382812e+00,8.359977222747121459e+02,8.462746173169748545e+02,8.499796139918003064e+02,8.499796139918003064e+02,5.826320956636384975e-04,-1.458680066510118607e-04,1.446444939667065910e+01
1.337862730026245117e+00,8.360167500480390572e+02,8.462717995099935706e+02,8.499785719551327929e+02,8.499785719551327929e+02,5.880579490075597219e-04,-1.472264254843529943e-04,1.444550563066056093e+01
1.356110095977783203e+00,8.359674395897916384e+02,8.463158297472032245e+02,8.499776253004677073e+02,8.499776253004677073e+02,5.928217774100901817e-04,-1.484190994861398155e-04,1.448081663172141198e+01
1.377090215682983398e+00,8.359685504175990900e+02,8.463111565699514358e+02,8.499764993315943684e+02,8.499764993315943684e+02,5.982990441238482913e-04,-1.497903901915064795e-04,1.447955007372224046e+01
1.397059917449951172e+00,8.359890356497934363e+02,8.462412861718771637e+02,8.499753894541416912e+02,8.499753894541416912e+02,6.035125216591924642e-04,-1.510956385316863362e-04,1.447624329938625998e+01
1.417267560958862305e+00,8.360102887114890109e+02,8.462896385984565768e+02,8.499742276257104550e+02,8.499742276257104550e+02,6.087881184961072131e-04,-1.524164390852820214e-04,1.444187613504103140e+01
1.437397241592407227e+00,8.359868259676590014e+02,8.463280126938639114e+02,8.499730306872791061e+02,8.499730306872791061e+02,6.140433616139704190e-04,-1.537321438735601311e-04,1.445337602885375183e+01
1.456488609313964844e+00,8.360243254698981445e+02,8.462959698443505658e+02,8.499718581859867754e+02,8.499718581859867754e+02,6.190275330300888928e-04,-1.549799830411707584e-04,1.442379367456910444e+01
1.477174043655395508e+00,8.360323289371342526e+02,8.463036475965548107e+02,8.499705459091560442e+02,8.499705459091560442e+02,6.244278664204586972e-04,-1.563320126886396017e-04,1.441249581419242354e+01
1.497177600860595703e+00,8.360203103645674219e+02,8.462406842506479734e+02,8.499692345829863598e+02,8.499692345829863598e+02,6.296501825738621064e-04,-1.576394738688044928e-04,1.443864863593456427e+01
1.517330169677734375e+00,8.359974522292843631e+02,8.462947021771681193e+02,8.499678705206620180e+02,8.499678705206620180e+02,6.349114010954834799e-04,-3.050991836114769492e-07,1.444523287855564675e+01
1.537000656127929688e+00,8.359285559930361842e+02,8.462905011476404979e+02,8.499664966281384295e+02,8.499664966281384295e+02,6.400467626754453854e-04,-3.075669210357738494e-07,1.451126183511606449e+01
1.557001352310180664e+00,8.359763217318666193e+02,8.462918394120720222e+02,8.499650557741740613e+02,8.499650557741740613e+02,6.452683319033786441e-04,0.000000000000000000e+00,1.446295953631984865e+01
1.577353239059448242e+00,8.360420072233014253e+02,8.462816321390328085e+02,8.499635432521193934e+02,8.499635432521193934e+02,6.505815862327289298e-04,0.000000000000000000e+00,1.440019565305788518e+01
1.596251726150512695e+00,8.360376705251321710e+02,8.462571936841316074e+02,8.499620960242039018e+02,8.499620960242039018e+02,6.555154024234258149e-04,0.000000000000000000e+00,1.440888360799240431e+01
1.616773366928100586e+00,8.360050708722495756e+02,8.462583978279296844e+02,8.499604769738793948e+02,8.499604769738793948e+02,6.608729743306501888e-04,0.000000000000000000e+00,1.443810061830442137e+01
1.637991189956665039e+00,8.360123400595341536e+02,8.462978682934324297e+02,8.499587499263174095e+02,8.499587499263174095e+02,6.664122981021899754e-04,0.000000000000000000e+00,1.441889047403800639e+01
1.657234907150268555e+00,8.360461432336435337e+02,8.462972548068657943e+02,8.499571359687554377e+02,8.499571359687554377e+02,6.714362432995750127e-04,0.000000000000000000e+00,1.438438212074091460e+01
1.676280260086059570e+00,8.360165793765215767e+02,8.462811631551217033e+02,8.499554932114417625e+02,8.499554932114417625e+02,6.764084016643877100e-04,0.000000000000000000e+00,1.441506227042069810e+01
1.695506811141967773e+00,8.359878958619235618e+02,8.463237369980095082e+02,8.499537881284959440e+02,8.499537881284959440e+02,6.814278653089537964e-04,0.000000000000000000e+00,1.442994864895409535e+01
1.717345952987670898e+00,8.359944713500392481e+02,8.463042665412981478e+02,8.499517933469330728e+02,8.499517933469330728e+02,6.871293963950165021e-04,1.690582657156407677e-04,1.442606284205089473e+01
1.736304521560668945e+00,8.359878641401199957e+02,8.462891322192481312e+02,8.499500107034489247e+02,8.499500107034489247e+02,6.920788980205788482e-04,1.702760191189506929e-04,1.443411126228290264e+01
1.756926536560058594e+00,8.359627153194653602e+02,8.462910600493310085e+02,8.499480168247346228e+02,8.499480168247346228e+02,6.974626745630352429e-04,1.716006195945574337e-04,1.445551766802064719e+01
1.776461362838745117e+00,8.360232656349412537e+02,8.462980930668109067e+02,8.499460744086718478e+02,8.499460744086718478e+02,4.392282402087887357e-04,1.728553873842427640e-04,1.439278888959450953e+01
1.796995639801025391e+00,8.359574404562090422e+02,8.462537171606991251e+02,8.499439752897549170e+02,8.499439752897549170e+02,3.541318372683690987e-04,1.741743522395821232e-04,1.446517064223766624e+01
1.817283153533935547e+00,8.360461585818834465e+02,8.462981322729638123e+02,8.499418426388153875e+02,8.499418426388153875e+02,2.676716829277152256e-04,0.000000000000000000e+00,1.436546764432981327e+01
1.837145805358886719e+00,8.359967947534594259e+02,8.462816077999095796e+02,8.499396970355758185e+02,8.499396970355758185e+02,2.696178141087851501e-04,0.000000000000000000e+00,1.441478896497426021e+01
1.856258392333984375e+00,8.359945041420694452e+02,8.462870054644167794e+02,8.499375776880417561e+02,8.499375776880417561e+02,9.072856413580137605e-05,0.000000000000000000e+00,1.441304886095565507e+01
1.876318454742431641e+00,8.360312710356970456e+02,8.462949673063001228e+02,8.499352944948692539e+02,8.499352944948692539e+02,9.138539966204051602e-05,0.000000000000000000e+00,1.437267721731225478e+01
1.896648168563842773e+00,8.359291608029872123e+02,8.462758870465463588e+02,8.499329181157490893e+02,8.499329181157490893e+02,3.526860708971936576e-07,-3.526860708971936576e-07,1.447339266087415410e+01
1.916823148727416992e+00,8.359501023454739652e+02,8.462980422259595343e+02,8.499304965337097428e+02,8.499304965337097428e+02,3.552170989787898042e-07,-3.552170989787898042e-07,1.444458881229748748e+01
1.936941146850585938e+00,8.359993712271037793e+02,8.463062770274786999e+02,8.499280179137579125e+02,8.499280179137579125e+02,3.577409784464470584e-07,-3.577409784464470584e-07,1.439181036454370854e+01
1.957241296768188477e+00,8.360262409227163971e+02,8.462772863939480885e+02,8.499254510776593179e+02,8.499254510776593179e+02,3.602877095502937541e-07,-3.602877095502937541e-07,1.437000864616115159e+01
1.977005720138549805e+00,8.359946677504515264e+02,8.462607783449684575e+02,8.499228874218114242e+02,8.499228874218114242e+02,3.627672317189081754e-07,-3.627672317189081754e-07,1.440160914982601881e+01
1.996910572052001953e+00,8.359614061186999834e+02,8.462761133989097289e+02,8.499202400914098234e+02,8.499202400914098234e+02,3.652643711829616082e-07,-3.652643711829616082e-07,1.442666646279278453e+01
2.017027378082275391e+00,8.359609328016517793e+02,8.462653362798675971e+02,8.499174967171134085e+02,8.499174967171134085e+02,3.677881010980260973e-07,-3.677881010980260973e-07,1.442650173069511510e+01
2.037244319915771484e+00,8.359936059356064106e+02,8.462490680666824119e+02,8.499146698214392472e+02,8.499146698214392472e+02,3.703243934308910046e-07,-3.703243934308910046e-07,1.439557765210954088e+01
2.056251287460327148e+00,8.359757235619755420e+02,8.462684212893123004e+02,8.499119472005447733e+02,8.499119472005447733e+02,3.727088898820007968e-07,-3.727088898820007968e-07,1.440463850188675288e+01
2.076333045959472656e+00,8.360047634167086699e+02,8.463173507946967220e+02,8.499090011754933585e+02,8.499090011754933585e+02,3.752282229508352084e-07,-3.752282229508352084e-07,1.436063299825918094e+01
2.096471309661865234e+00,8.359841138427386795e+02,8.463092794515932837e+02,8.499059740603604496e+02,8.499059740603604496e+02,3.777546448125711098e-07,-3.777546448125711098e-07,1.437895698678226353e+01
2.116676330566406250e+00,8.359901219805792607e+02,8.462681461031563686e+02,8.499028624627570707e+02,8.499028624627570707e+02,7.913823280101947230e-04,2.920622911637816123e-04,1.437969091250497655e+01
2.137887954711914062e+00,8.360549886467316583e+02,8.462849032812778205e+02,8.498995143029350174e+02,8.498995143029350174e+02,1.096004390059820413e-03,3.921413331311167524e-04,1.430860941821946319e+01
2.157706022262573242e+00,8.360260079814836445e+02,8.463103683742203884e+02,8.498963094208725124e+02,8.498963094208725124e+02,1.403760726068326329e-03,5.920308828228855501e-04,1.432634758790869967e+01
2.177153348922729492e+00,8.359770174991595013e+02,8.463071276577884419e+02,8.498930913403314662e+02,8.498930913403314662e+02,1.715189944244976906e-03,8.936674879105443309e-04,1.437067314656721884e+01
2.196748256683349609e+00,8.359859940493709018e+02,8.462775985577238771e+02,8.498897744346032823e+02,8.498897744346032823e+02,2.030521471667134144e-03,1.199108412333993933e-03,1.436533757230515462e+01
2.216272115707397461e+00,8.359720106509059860e+02,8.462825496057980672e+02,8.498863941604513457e+02,8.498863941604513457e+02,2.349634558554365271e-03,1.508290990446132249e-03,1.437350910615817412e+01
2.236360073089599609e+00,8.359210535164445446e+02,8.463225828054237354e+02,8.498828364858353552e+02,8.498828364858353552e+02,2.570268056890491568e-03,1.619166096743071895e-03,1.440856654748333199e+01
2.257023811340332031e+00,8.359789768002264054e+02,8.462854553356944507e+02,8.498790911720925578e+02,8.498790911720925578e+02,2.690576589315539589e-03,1.629784340407638282e-03,1.435713753070592702e+01
2.276625156402587891e+00,8.359896250794140542e+02,8.463053271909136583e+02,8.498754569120760607e+02,8.498754569120760607e+02,2.811297239872548835e-03,1.742347705486375908e-03,1.433743881977867751e+01
2.296733140945434570e+00,8.359662610317602685e+02,8.462590670450783819e+02,8.498716450199485735e+02,8.498716450199485735e+02,3.143256138348713650e-03,1.856462994810416899e-03,1.436699075949730187e+01
2.317107677459716797e+00,8.360366554494207776e+02,8.463056018315401161e+02,8.498676948571508092e+02,8.498676948571508092e+02,3.163198543323086486e-03,1.972032519190398871e-03,1.428237227568604695e+01
2.336940765380859375e+00,8.360045506730140232e+02,8.462778377219183312e+02,8.498637635866577966e+02,8.498637635866577966e+02,3.182610983499996066e-03,1.984134814630092360e-03,1.431560850586232725e+01
2.356994628906250000e+00,8.359362405553056306e+02,8.463182249146195772e+02,8.498597009424115640e+02,8.498597009424115640e+02,3.202239516764731220e-03,1.996371828959709292e-03,1.436679510561535800e+01
2.376866102218627930e+00,8.360135643236762917e+02,8.463187921813307639e+02,8.498555870953271096e+02,8.498555870953271096e+02,3.436826703822823837e-03,2.219918341914153652e-03,1.428672505070949406e+01
2.398011207580566406e+00,8.359630644353875368e+02,8.462891961037262263e+02,8.498511118001204068e+02,8.498511118001204068e+02,3.458905408752238619e-03,2.340568936932909631e-03,1.433754173606071269e+01
2.417021512985229492e+00,8.359488363095193790e+02,8.463293819184823406e+02,8.498470010393410803e+02,8.498470010393410803e+02,3.478755057948272524e-03,2.568000850178323545e-03,1.433640914373926911e+01
2.436914920806884766e+00,8.359541358996431200e+02,8.463023412204988745e+02,8.498426095655431709e+02,8.498426095655431709e+02,3.499526800335778318e-03,2.690973389661057476e-03,1.433259225413609173e+01
2.457035064697265625e+00,8.360227684339447478e+02,8.462531508397289599e+02,8.498380733823682931e+02,8.498380733823682931e+02,3.300158155697137559e-03,3.031983294031925357e-03,1.427285256893869025e+01
2.477058649063110352e+00,8.360356987830041362e+02,8.462836093102614541e+02,8.498334631378343147e+02,8.498334631378343147e+02,3.319757052004903425e-03,3.267845957369604724e-03,1.424709666523519935e+01
2.496997117996215820e+00,8.360792551762669973e+02,8.462571535132399276e+02,8.498287761783499263e+02,8.498287761783499263e+02,3.339272638126541525e-03,3.506193469819614099e-03,1.420583740047192656e+01
2.516193151473999023e+00,8.360309162129565266e+02,8.462609522512668718e+02,8.498241717048794044e+02,8.498241717048794044e+02,3.358061535397761140e-03,3.636106620230747030e-03,1.424606717448936521e+01
2.536304235458374023e+00,8.360547814869526064e+02,8.462566332285800854e+02,8.498192495813063942e+02,8.498192495813063942e+02,3.377746075510312026e-03,3.879082906507613174e-03,1.421804547739232483e+01
2.557498693466186523e+00,8.360346003900071992e+02,8.462589021339392730e+02,8.498139521071755098e+02,8.498139521071755098e+02,3.398491011941521568e-03,4.014418503723796681e-03,1.423056267537008779e+01
2.577738285064697266e+00,8.360205497022961936e+02,8.462434814818338964e+02,8.498087862754856587e+02,8.498087862754856587e+02,3.418301334099793729e-03,4.037819161120699898e-03,1.424172974290257265e+01
2.596797943115234375e+00,8.360186991859270620e+02,8.462769167679803104e+02,8.498038247200646538e+02,8.498038247200646538e+02,3.436956748383716669e-03,4.285403133590976084e-03,1.422915196680420458e+01
2.616118669509887695e+00,8.360614797947689567e+02,8.462359701858090375e+02,8.497986980428402148e+02,8.497986980428402148e+02,3.455867693910803437e-03,4.649165254458830117e-03,1.419169457740716567e+01
2.636866807937622070e+00,8.361652862325711340e+02,8.462054779027307632e+02,8.497930822578348398e+02,8.497930822578348398e+02,3.476175776929044288e-03,4.904606889571253188e-03,1.409211586366486735e+01
2.656888723373413086e+00,8.362257448625043708e+02,8.461834627932853437e+02,8.497875532588028591e+02,8.497875532588028591e+02,3.495773039703749165e-03,5.620478981036122063e-03,1.403253772706656299e+01
2.677044391632080078e+00,8.362833213391762683e+02,8.461166381071918750e+02,8.497818769763782711e+02,8.497818769763782711e+02,3.515501218485223272e-03,5.652197806290520758e-03,1.398731497675063906e+01
2.696363210678100586e+00,8.363509209644712428e+02,8.460726029331499376e+02,8.497763311176111074e+02,8.497763311176111074e+02,3.534410297117381895e-03,6.610371065821178671e-03,1.392692501036761499e+01
2.716914892196655273e+00,8.363715412436800989e+02,8.459107819152559387e+02,8.497703167912787876e+02,8.497703167912787876e+02,3.554526089958119639e-03,6.997887816169792718e-03,1.394357183917253273e+01
2.737000703811645508e+00,8.365431417730637804e+02,8.457642109525679643e+02,8.497643232330150340e+02,8.497643232330150340e+02,3.574185893712885503e-03,7.271145668419754134e-03,1.381305677441246971e+01
2.756143093109130859e+00,8.366948142551170804e+02,8.455928787076040862e+02,8.497585035242469758e+02,8.497585035242469758e+02,3.712655659850962100e-03,7.427153371629411846e-03,1.371176164587944868e+01
2.776860713958740234e+00,8.368607285323180349e+02,8.454193841539938603e+02,8.497520850133614658e+02,8.497520850133614658e+02,4.336118463968196245e-03,7.706185115927671053e-03,1.359997678888112205e+01
2.796269893646240234e+00,8.369112241775017083e+02,8.452410118845900797e+02,8.497459573905557590e+02,8.497459573905557590e+02,4.722043644872640951e-03,7.746702775380137976e-03,1.360238621205827769e+01
2.816426515579223633e+00,8.370132967152997026e+02,8.450049129483913930e+02,8.497394750993953494e+02,8.497394750993953494e+02,4.991091900976144836e-03,7.788780758908660229e-03,1.357835391443095752e+01
2.836909055709838867e+00,8.371512910674773593e+02,8.447193604518079155e+02,8.497327625701749412e+02,8.497327625701749412e+02,5.263227277963190322e-03,7.952024330543330799e-03,1.354354554662988974e+01
2.857146978378295898e+00,8.372722089483290802e+02,8.445109241755581024e+02,8.497260044802503671e+02,8.497260044802503671e+02,5.537675908195191510e-03,7.994921998194133572e-03,1.350163270628007339e+01
2.876398563385009766e+00,8.374399566641155843e+02,8.442428586124615322e+02,8.497194583568306143e+02,8.497194583568306143e+02,5.689596681087679200e-03,8.279235896043995319e-03,1.344541953906291454e+01
2.896108150482177734e+00,8.375360034809018543e+02,8.440045157161698626e+02,8.497126364868020119e+02,8.497126364868020119e+02,5.967774414554772797e-03,8.689439057834459634e-03,1.344816099295733736e+01
2.916934251785278320e+00,8.377286307943329575e+02,8.436692930478191101e+02,8.497052946440716141e+02,8.497052946440716141e+02,6.250345039154230238e-03,9.598314984375272418e-03,1.341170355471666298e+01
2.936210632324218750e+00,8.378701332981527230e+02,8.433908452574723924e+02,8.496983753915496891e+02,8.496983753915496891e+02,6.659093686002901663e-03,1.125437075661082399e-02,1.340493369667679602e+01
2.956018447875976562e+00,8.380121636688259059e+02,8.430119071420913315e+02,8.496911399850337148e+02,8.496911399850337148e+02,7.072105178562928737e-03,1.193381329774529861e-02,1.345401944270867745e+01
2.976145267486572266e+00,8.382901787839823555e+02,8.426523526327059699e+02,8.496836563390412493e+02,8.496836563390412493e+02,7.235788480961602084e-03,1.274560906738190363e-02,1.338844884997343598e+01
2.996747255325317383e+00,8.385106076537445006e+02,8.421638523930059819e+02,8.496758568711435373e+02,8.496758568711435373e+02,7.274102559050608062e-03,1.293871669435013583e-02,1.345707997175421688e+01
3.017041444778442383e+00,8.387158753425728719e+02,8.416826266688926808e+02,8.496680346588741486e+02,8.496680346588741486e+02,5.898037355626212577e-03,1.504802562239028647e-02,1.355420726033450940e+01
3.036114454269409180e+00,8.388923964938303470e+02,8.411094620641708843e+02,8.496605556739476697e+02,8.496605556739476697e+02,5.676129217639293116e-03,1.521683729064913192e-02,1.375043468591121787e+01
3.056333780288696289e+00,8.389771461656494012e+02,8.406549257444125942e+02,8.496524907678988257e+02,8.496524907678988257e+02,5.598230994061393143e-03,1.533418316587843548e-02,1.396134516186168639e+01
3.076378107070922852e+00,8.391194967156118310e+02,8.400099168017015927e+02,8.496443554981838133e+02,8.496443554981838133e+02,5.409039551168307210e-03,1.548924303178214612e-02,1.426867412864126727e+01
3.096473455429077148e+00,8.392756877299175358e+02,8.393160371685114569e+02,8.496360578149036655e+02,8.496360578149036655e+02,4.989471265528399278e-03,1.571613903958805902e-02,1.462327235743891052e+01
3.117601633071899414e+00,8.393215233505767401e+02,8.386808416519997991e+02,8.496271788671795093e+02,8.496271788671795093e+02,4.786444317911641398e-03,1.586989855401484129e-02,1.503425535420073267e+01
3.136998414993286133e+00,8.393329503072116040e+02,8.380229822117096319e+02,8.496188862250821785e+02,8.496188862250821785e+02,4.339587417514442075e-03,1.608047048480303748e-02,1.550049894661102634e+01
3.157069921493530273e+00,8.393561311180367284e+02,8.375214749002761891e+02,8.496101610975808853e+02,8.496101610975808853e+02,3.507286209335491733e-03,1.636666968207140319e-02,1.585185997914110523e+01
3.176319837570190430e+00,8.395546731654605992e+02,8.368603176067106233e+02,8.496016539953218398e+02,8.496016539953218398e+02,1.726557871729959360e-03,1.672851813744745744e-02,1.622601234941436843e+01
3.196334123611450195e+00,8.398228964550739875e+02,8.363862657403228695e+02,8.495926630687353054e+02,8.495926630687353054e+02,1.071090152209001715e-03,1.686568097433184185e-02,1.642733301790982736e+01
3.216608047485351562e+00,8.400084712839922076e+02,8.359261774191252243e+02,8.495834020587130908e+02,8.495834020587130908e+02,4.046618078657951553e-04,1.697817941119894244e-02,1.667930107039449794e+01
3.236556291580200195e+00,8.401979568307688169e+02,8.352804545752951526e+02,8.495741374150290994e+02,8.495741374150290994e+02,0.000000000000000000e+00,1.706500577311855296e-02,1.709450588556347483e+01
3.256679773330688477e+00,8.400458217155057810e+02,8.344761021292265468e+02,8.495646365312206854e+02,8.495646365312206854e+02,0.000000000000000000e+00,1.714773079799581518e-02,1.784017112855238807e+01
3.276785612106323242e+00,8.397914781111561524e+02,8.335892327788337752e+02,8.495549869533660967e+02,8.495549869533660967e+02,-2.137166018852075522e-03,1.709732815081660418e-02,1.871447063834582636e+01
3.297034502029418945e+00,8.394842740676814401e+02,8.326454639943210623e+02,8.495451083531407903e+02,8.495451083531407903e+02,-3.062002138644451255e-03,1.704070755419520578e-02,1.966769854289163533e+01
3.316644191741943359e+00,8.392449315634696632e+02,8.318130832731162627e+02,8.495353865457220763e+02,8.495353865457220763e+02,-3.969213892646938219e-03,1.693531260862693455e-02,2.049325491541005206e+01
3.336814641952514648e+00,8.390748843869621396e+02,8.310202761093901245e+02,8.495252258594628074e+02,8.495252258594628074e+02,-5.212998244425549182e-03,1.668159438216175461e-02,2.125188937823135049e+01
3.356914758682250977e+00,8.388945550280177486e+02,8.304102896299209533e+02,8.495149365881253516e+02,8.495149365881253516e+02,-5.237644401169427172e-03,1.676046208374216626e-02,2.185818015937974224e+01
3.376811981201171875e+00,8.386264480291370091e+02,8.297556714182619544e+02,8.495045882063907356e+02,8.495045882063907356e+02,-5.500122373600557259e-03,1.676227771002074957e-02,2.254669927107772054e+01
3.396949768066406250e+00,8.384112813791030021e+02,8.290656531810122942e+02,8.494939478663627597e+02,8.494939478663627597e+02,-5.878520541922506795e-03,1.672112509702401717e-02,2.324092769704661876e+01
3.416146993637084961e+00,8.379533263838379753e+02,8.283312763309741058e+02,8.494836466099216068e+02,8.494836466099216068e+02,-6.477732765166026828e-03,1.658299587882502979e-02,2.409089149312940847e+01
3.437085628509521484e+00,8.377400122910044047e+02,8.275521541157063439e+02,8.494722333536486758e+02,8.494722333536486758e+02,-6.733142939073044272e-03,1.657389031156441747e-02,2.486231857370555787e+01
3.456483840942382812e+00,8.373499348157756685e+02,8.268196496694511097e+02,8.494614927318365289e+02,8.494614927318365289e+02,-6.874335904709478855e-03,1.660216973212855218e-02,2.567767303350884234e+01
3.476588249206542969e+00,8.370417509351989338e+02,8.260426251671581213e+02,8.494501898111216178e+02,8.494501898111216178e+02,-7.126566211179128849e-03,1.658546318238051515e-02,2.649308283116253904e+01
3.497308731079101562e+00,8.366530310680630009e+02,8.253476807111192102e+02,8.494383562039404296e+02,8.494383562039404296e+02,-7.485659998309085982e-03,1.652007723764763875e-02,2.727315868267766419e+01
3.516693830490112305e+00,8.362671219620378906e+02,8.246448790916895177e+02,8.494271141002943750e+02,8.494271141002943750e+02,-7.836921079059989623e-03,1.644468685442096109e-02,2.805966081585258109e+01
3.536773204803466797e+00,8.358725791041943012e+02,8.239390098454523468e+02,8.494152931455980706e+02,8.494152931455980706e+02,-8.183632506038695034e-03,1.636726501207739007e-02,2.885214228435244976e+01
3.556785106658935547e+00,8.353692640612853211e+02,8.232749352534401623e+02,8.494033317106334380e+02,8.494033317106334380e+02,-8.722167461907978300e-03,1.618025268295972957e-02,2.965886302963668086e+01
3.576123237609863281e+00,8.349205692545920101e+02,8.226001872322401596e+02,8.493916003809217727e+02,8.493916003809217727e+02,-9.871754871994946681e-03,1.559981016809077782e-02,3.044980394620883146e+01
3.596974849700927734e+00,8.344562209770281243e+02,8.218599651994236410e+02,8.493787588999782656e+02,8.493787588999782656e+02,-1.050720598303993107e-02,1.528320870260353737e-02,3.130441094790908352e+01
3.617006540298461914e+00,8.340445459958368701e+02,8.212487341700020806e+02,8.493662328501152388e+02,8.493662328501152388e+02,-1.095004108039629789e-02,1.507102428269598178e-02,3.202105276356059704e+01
3.636022806167602539e+00,8.335862458640159502e+02,8.205562829149853314e+02,8.493541682227680667e+02,8.493541682227680667e+02,-1.107294626886856648e-02,1.507805449377847690e-02,3.283208147090043383e+01
3.657073259353637695e+00,8.330987234490562514e+02,8.198173214403288966e+02,8.493406139753054731e+02,8.493406139753054731e+02,-1.149796851274222445e-02,1.486606029930307576e-02,3.369605036161460276e+01
3.676101922988891602e+00,8.324711912749069143e+02,8.191546223791469856e+02,8.493281798124689885e+02,8.493281798124689885e+02,-1.161838565386212607e-02,1.487153363694352151e-02,3.456300957291596632e+01
3.696299314498901367e+00,8.319046373061262329e+02,8.184380522195315280e+02,8.493147913117097687e+02,8.493147913117097687e+02,-1.174155667582437411e-02,1.488038865847049474e-02,3.544695303498714622e+01
3.716601371765136719e+00,8.313290395025560429e+02,8.178272949428385346e+02,8.493011336745389599e+02,8.493011336745389599e+02,-1.206215472065715229e-02,1.472974663003325142e-02,3.624360210348452682e+01
3.737699270248413086e+00,8.307284248950443271e+02,8.171340138909404232e+02,8.492867263503246704e+02,8.492867263503246704e+02,-1.218644424928731068e-02,1.473979447294750979e-02,3.712421677828238842e+01
3.757613897323608398e+00,8.300592586865639078e+02,8.165106633872208022e+02,8.492729246935792844e+02,8.492729246935792844e+02,-1.225049680067727409e-02,1.479305274044048074e-02,3.798066254471151382e+01
3.776895046234130859e+00,8.293926289082533003e+02,8.158294452041966451e+02,8.492593730145022164e+02,8.492593730145022164e+02,-1.243715398445939188e-02,1.474033064824816983e-02,3.888762778552348465e+01
3.796908378601074219e+00,8.287585974828687085e+02,8.151864863525661349e+02,8.492451081526883172e+02,8.492451081526883172e+02,-1.261440705153164983e-02,1.469752014261027119e-02,3.974527441531119365e+01
3.815969228744506836e+00,8.279887083218832231e+02,8.144843961656440570e+02,8.492313323965330483e+02,8.492313323965330483e+02,-1.274073617311741007e-02,1.469202009152277902e-02,4.072589661395263505e+01
3.836977481842041016e+00,8.272894734178764793e+02,8.137776220411924442e+02,8.492159326667267578e+02,8.492159326667267578e+02,-1.279731682233932986e-02,1.475726624558048802e-02,4.167305454587352642e+01
3.856610536575317383e+00,8.264420214783826850e+02,8.130151209628811557e+02,8.492013338326341909e+02,8.492013338326341909e+02,-1.291588856795043705e-02,1.476101550622907141e-02,4.274843038865246569e+01
3.876314401626586914e+00,8.256847404427412584e+02,8.122402433352547177e+02,8.491864792106658797e+02,8.491864792106658797e+02,-1.303443186475095050e-02,1.476466618308071993e-02,4.378762462702550096e+01
3.896202564239501953e+00,8.249447671698368367e+02,8.115224006859932615e+02,8.491712773896558701e+02,8.491712773896558701e+02,-1.363335036024131836e-02,1.432657156499935261e-02,4.477009844168968300e+01
3.917059183120727539e+00,8.241432530399359848e+02,8.107841205075296784e+02,8.491551084600939703e+02,8.491551084600939703e+02,-1.392929373729657333e-02,1.415952999741717719e-02,4.580311810362609748e+01
3.936056852340698242e+00,8.234064243907687342e+02,8.099906773167751908e+02,8.491401766941630740e+02,8.491401766941630740e+02,-1.467959593936074558e-02,1.349575755715423132e-02,4.684985922190746521e+01
3.956969499588012695e+00,8.227020101567171650e+02,8.092998689532237222e+02,8.491235128593214085e+02,8.491235128593214085e+02,-1.495511658440052891e-02,1.331940070798172220e-02,4.779140528404030164e+01
3.976464509963989258e+00,8.218839012507962707e+02,8.084759492835544279e+02,8.491077625162549793e+02,8.491077625162549793e+02,-1.519047656933485146e-02,1.317299139997006596e-02,4.890892422429676145e+01
3.997151136398315430e+00,8.210527565384360287e+02,8.077041311715161100e+02,8.490908192851852618e+02,8.490908192851852618e+02,-1.531378822125775002e-02,1.316028675264337838e-02,4.998990813763084162e+01
4.016863346099853516e+00,8.202942377146932813e+02,8.069446843311106932e+02,8.490744516473438352e+02,8.490744516473438352e+02,-1.537524624260146536e-02,1.321310223973563500e-02,5.102174054390030022e+01
4.037957668304443359e+00,8.196226568424219749e+02,8.062425308598935771e+02,8.490566936830118721e+02,8.490566936830118721e+02,-1.544101336480186402e-02,1.326962086037660089e-02,5.195589536306431455e+01
4.055928230285644531e+00,8.188586599193583879e+02,8.054981988482436464e+02,8.490413657273211356e+02,8.490413657273211356e+02,-1.585859937912387219e-02,1.288511199553814442e-02,5.298115808237130864e+01
4.076793909072875977e+00,8.181853962677407708e+02,8.048655083602718605e+02,8.490233358355035307e+02,8.490233358355035307e+02,-1.592517141174057752e-02,1.293920177203921641e-02,5.385993171289128867e+01
4.096910238265991211e+00,8.174912632839667594e+02,8.041310110512818028e+02,8.490057148003684233e+02,8.490057148003684233e+02,-1.648144745648114778e-02,1.236108559236085910e-02,5.483520485005887224e+01
4.116158246994018555e+00,8.167939924936940770e+02,8.033985189922007066e+02,8.489886330943750181e+02,8.489886330943750181e+02,-1.654474831149646552e-02,1.240856123362234914e-02,5.581176746221433405e+01
4.135913610458374023e+00,8.159583172778395692e+02,8.026409790246168541e+02,8.489708741520050808e+02,8.489708741520050808e+02,-1.636107798747718847e-02,1.278209217771655339e-02,5.688838276735245358e+01
4.156911611557006836e+00,8.151982074895049664e+02,8.018614289455197195e+02,8.489517438562355665e+02,8.489517438562355665e+02,-1.642910029913503128e-02,1.283523460869924471e-02,5.793788894713538440e+01
4.176903486251831055e+00,8.144867039797824191e+02,8.011134361944000375e+02,8.489332845315948362e+02,8.489332845315948362e+02,-1.649386329846664126e-02,1.288583070192706424e-02,5.893475041692137495e+01
4.196941375732421875e+00,8.137321648949500741e+02,8.003189852468294703e+02,8.489145401349728672e+02,8.489145401349728672e+02,-1.655877536113449858e-02,1.293654325088632734e-02,5.999439542504221379e+01
4.216778278350830078e+00,8.130935667451849440e+02,7.996287757249674542e+02,8.488957424667510168e+02,8.488957424667510168e+02,-1.687565703595479694e-02,1.265674277696609770e-02,6.090180455728634001e+01
4.236919879913330078e+00,8.123365660484950013e+02,7.989015121190222999e+02,8.488764083209632645e+02,8.488764083209632645e+02,-1.694189664641526302e-02,1.270642248481144466e-02,6.190840269052038991e+01
4.257014751434326172e+00,8.115492399777429000e+02,7.981236410313808847e+02,8.488568681368608395e+02,8.488568681368608395e+02,-1.643713755113121108e-02,1.348358939741232249e-02,6.297395851774935238e+01
4.276916742324829102e+00,8.108999196959639448e+02,7.973984279224371221e+02,8.488372663908344293e+02,8.488372663908344293e+02,-1.509092635825317989e-02,1.509092635825317989e-02,6.391554096794199324e+01
4.296780109405517578e+00,8.100910553124215312e+02,7.966112283963973368e+02,8.488174533961283714e+02,8.488174533961283714e+02,-1.514866567667073026e-02,1.514866567667073026e-02,6.500172180227438901e+01
4.316813468933105469e+00,8.093932876858402778e+02,7.957802451661768828e+02,8.487972164607997456e+02,8.487972164607997456e+02,-1.520689913326637305e-02,1.520689913326637305e-02,6.605655794966116900e+01
4.336962699890136719e+00,8.086142799386273055e+02,7.950289321101661244e+02,8.487766026220215281e+02,8.487766026220215281e+02,-1.526546940775059744e-02,1.526546940775059744e-02,6.709563509481114352e+01
4.356107473373413086e+00,8.077271698778276914e+02,7.940552594315804527e+02,8.487567729602969848e+02,8.487567729602969848e+02,-1.526091973157995066e-02,1.538108445387585677e-02,6.837897272873679810e+01
4.376118421554565430e+00,8.069056625404671195e+02,7.931424970931457210e+02,8.487357904853837454e+02,8.487357904853837454e+02,-1.513326621261133764e-02,1.562143609043750887e-02,6.957279550286556002e+01
4.396387338638305664e+00,8.061398432770027966e+02,7.922718162894670968e+02,8.487142689428585527e+02,8.487142689428585527e+02,-1.512767122399390381e-02,1.574261720870910250e-02,7.069888388304170235e+01
4.416511058807373047e+00,8.052415090588074236e+02,7.913832277517210514e+02,8.486926319456667898e+02,8.486926319456667898e+02,-1.478603665376001380e-02,1.617617685197676736e-02,7.191917608811991158e+01
4.437562465667724609e+00,8.044813418319334914e+02,7.905718427605070246e+02,8.486697075562941563e+02,8.486697075562941563e+02,-1.448854117291101078e-02,1.655833276904115567e-02,7.299296924512259466e+01
4.456653833389282227e+00,8.036857036382621118e+02,7.897477804750026280e+02,8.486486591256856400e+02,8.486486591256856400e+02,-1.324840116403985281e-02,1.766453488538647157e-02,7.410115297339518747e+01
4.476917028427124023e+00,8.029364734565523349e+02,7.888966568860082589e+02,8.486260475842606184e+02,8.486260475842606184e+02,-1.392276053079212657e-02,1.724523747564024601e-02,7.520064691979601434e+01
4.496249675750732422e+00,8.020893211114621408e+02,7.879936986704301489e+02,8.486042120698191411e+02,8.486042120698191411e+02,-1.402011271491145072e-02,1.726867541714703289e-02,7.640202494309528447e+01
4.516369104385375977e+00,8.012181832154684571e+02,7.870261452378542799e+02,8.485812136710076174e+02,8.485812136710076174e+02,-1.273288261859347945e-02,1.552365141170985834e-02,7.766777390747414245e+01
4.535923480987548828e+00,8.004444663840370140e+02,7.861571553428279913e+02,8.485585910131720766e+02,8.485585910131720766e+02,-4.551327595001777859e-03,8.577502005964889042e-03,7.879662532461674118e+01
4.556064844131469727e+00,7.996349533603255395e+02,7.852781520752462256e+02,8.485350086036572748e+02,8.485350086036572748e+02,-1.932677173735356663e-03,3.865354347470713325e-03,7.995401991555443999e+01
4.577163219451904297e+00,7.990511407566825710e+02,7.845950161315699916e+02,8.485099977728757494e+02,8.485099977728757494e+02,3.589517500037384080e-04,0.000000000000000000e+00,8.081647985130689449e+01
4.596229791641235352e+00,7.987200166622137658e+02,7.843043981993155285e+02,8.484871223447403281e+02,8.484871223447403281e+02,2.877435594810388245e-03,-3.057188899627951741e-03,8.121691256593950925e+01
4.616550445556640625e+00,7.987654252376368049e+02,7.842965633417234130e+02,8.484624545216652223e+02,8.484624545216652223e+02,1.444022897798165339e-03,-1.985965177077534619e-03,8.116068204847536549e+01
4.637061119079589844e+00,7.987456454600239795e+02,7.842938418869528050e+02,8.484372525206415503e+02,8.484372525206415503e+02,3.628667626054096393e-04,0.000000000000000000e+00,8.113958922738537183e+01
4.656143426895141602e+00,7.988180153184993060e+02,7.842838565972840570e+02,8.484135296300999016e+02,8.484135296300999016e+02,-1.610208595257077262e-03,8.945603306983763168e-04,8.106990812334775853e+01
4.676178932189941406e+00,7.986575647798182445e+02,7.841888512885786895e+02,8.483883332384943969e+02,8.483883332384943969e+02,-1.615999769363721944e-03,8.977776496465122514e-04,8.120789871760020162e+01
