1.000738143920898438e-02,8.367329780557566892e+02,8.599392890895292112e+02,8.499999996134839648e+02,8.499999996134839648e+02,1.181372508276877324e-05,-1.536965633268217411e-02,1.657719325766047902e+01
2.261605262756347656e-01,8.321872311509423525e+02,8.644115812779327825e+02,8.499899013158287744e+02,8.499899013158287744e+02,1.181372508276877324e-05,-1.536965633268217411e-02,2.291113087407711291e+01
2.361838817596435547e-01,8.318261903225120477e+02,8.649922165998009405e+02,8.499880901943905656e+02,8.499880901943905656e+02,1.181372508276877324e-05,-1.536965633268217411e-02,2.355797988252969333e+01
2.511782646179199219e-01,8.314487112782098848e+02,8.655480247737737045e+02,8.499849397813101177e+02,8.499849397813101177e+02,1.181372508276877324e-05,-1.536965633268217411e-02,2.420333410094135829e+01
2.701914310455322266e-01,8.310747506358314922e+02,8.660439257129319230e+02,8.499800926938296470e+02,8.499800926938296470e+02,1.181372508276877324e-05,-1.536965633268217411e-02,2.480843988636759079e+01
2.903866767883300781e-01,8.307000498376683026e+02,8.665891673269097737e+02,8.499737531546965101e+02,8.499737531546965101e+02,1.181372508276877324e-05,-1.536965633268217411e-02,2.544695713964656747e+01
3.095498085021972656e-01,8.303208284706195172e+02,8.671229198378186993e+02,8.499664418068591658e+02,8.499664418068591658e+02,1.181372508276877324e-05,-1.536965633268217411e-02,2.608246272467065552e+01
3.295998573303222656e-01,8.298136243832725540e+02,8.676559367137253957e+02,8.499572587750906223e+02,8.499572587750906223e+02,1.181372508276877324e-05,-1.536965633268217411e-02,2.681434704196156460e+01
3.495888710021972656e-01,8.295196006404560194e+02,8.680999944944076105e+02,8.499463459673677335e+02,8.499463459673677335e+02,1.181372508276877324e-05,-1.536965633268217411e-02,2.732776755415280334e+01
3.707787990570068359e-01,8.290937318764775910e+02,8.686994695118910386e+02,8.499326257107888978e+02,8.499326257107888978e+02,1.181372508276877324e-05,-1.536965633268217411e-02,2.804378580885012440e+01
3.894016742706298828e-01,8.288482054500632330e+02,8.691521218604166279e+02,8.499185327508575938e+02,8.499185327508575938e+02,1.181372508276877324e-05,-1.536965633268217411e-02,2.852875115734910949e+01
4.096157550811767578e-01,8.285131964451616113e+02,8.697567751560345641e+02,8.499008498870157382e+02,8.499008498870157382e+02,1.181372508276877324e-05,-1.536965633268217411e-02,2.918371957166726460e+01
4.303886890411376953e-01,8.281196189199642959e+02,8.703459109064433505e+02,8.498798289377231185e+02,8.498798289377231185e+02,1.181372508276877324e-05,-1.536965633268217411e-02,2.987251665272524193e+01
4.495940208435058594e-01,8.278547460203835726e+02,8.708642134786548468e+02,8.498575752124156679e+02,8.498575752124156679e+02,1.181372508276877324e-05,-1.536965633268217411e-02,3.042044285841946660e+01
4.695909023284912109e-01,8.274970190482833914e+02,8.714327178850023756e+02,8.498312601955191212e+02,8.498312601955191212e+02,1.181372508276877324e-05,-1.536965633268217411e-02,3.107155132807843501e+01
4.896919727325439453e-01,8.272665477454866050e+02,8.719020925227937369e+02,8.498012932284302678e+02,8.498012932284302678e+02,1.181372508276877324e-05,-1.536965633268217411e-02,3.156358793658899842e+01
5.114922523498535156e-01,8.270365105879461680e+02,8.723580747319992952e+02,8.497644616343702637e+02,8.497644616343702637e+02,1.181372508276877324e-05,-1.536965633268217411e-02,3.204732612206522901e+01
5.299813747406005859e-01,8.268270428129185348e+02,8.729744592456490864e+02,8.497294038955370752e+02,8.497294038955370752e+02,1.181372508276877324e-05,-1.536965633268217411e-02,3.263205083025599862e+01
5.502278804779052734e-01,8.266227802570848553e+02,8.734174033875005989e+02,8.496866758312455659e+02,8.496866758312455659e+02,1.181372508276877324e-05,-1.536965633268217411e-02,3.309215480147813082e+01
5.693666934967041016e-01,8.263286001454650886e+02,8.738905527958847870e+02,8.496418147686756583e+02,8.496418147686756583e+02,1.181372508276877324e-05,-1.536965633268217411e-02,3.363788447539614879e+01
5.894625186920166016e-01,8.260522753423133508e+02,8.744143590004916859e+02,8.495896991886095293e+02,8.495896991886095293e+02,1.181372508276877324e-05,-1.536965633268217411e-02,3.420926857002162080e+01
6.095452308654785156e-01,8.258758504019065185e+02,8.749853720695286938e+02,8.495321353901365455e+02,8.495321353901365455e+02,1.181372508276877324e-05,-1.536965633268217411e-02,3.474891475861528534e+01
6.304764747619628906e-01,8.256992890112776422e+02,8.756050478668953474e+02,8.494659060453344637e+02,8.494659060453344637e+02,1.181372508276877324e-05,-1.536965633268217411e-02,3.532855531169075647e+01
6.495847702026367188e-01,8.254219484847715194e+02,8.762172825843595092e+02,8.493995267418740696e+02,8.493995267418740696e+02,1.181372508276877324e-05,-1.536965633268217411e-02,3.597382781276742492e+01
6.704046726226806641e-01,8.251850153990278613e+02,8.767582407750269340e+02,8.493203598350374932e+02,8.493203598350374932e+02,1.181372508276877324e-05,-1.536965633268217411e-02,3.654247065432025465e+01
6.894731521606445312e-01,8.248539075465723727e+02,8.772763578687604422e+02,8.492412166521892232e+02,8.492412166521892232e+02,1.181372508276877324e-05,-1.536965633268217411e-02,3.715790613646029072e+01
7.096478939056396484e-01,8.245787452927770573e+02,8.778757431750270825e+02,8.491501644887362090e+02,8.491501644887362090e+02,1.181372508276877324e-05,-1.536965633268217411e-02,3.780097237063933591e+01
7.298245429992675781e-01,8.243570366563357084e+02,8.783826650569506000e+02,8.490511498859373205e+02,8.490511498859373205e+02,1.181372508276877324e-05,-1.536965633268217411e-02,3.834236573848524898e+01
7.499172687530517578e-01,8.241502504740674340e+02,8.789456060981055998e+02,8.489441969106447914e+02,8.489441969106447914e+02,1.181372508276877324e-05,-1.536965633268217411e-02,3.892074425204796739e+01
7.701375484466552734e-01,8.239002823151984103e+02,8.795599758650514559e+02,8.488276913262172911e+02,8.488276913262172911e+02,1.181372508276877324e-05,-1.536965633268217411e-02,3.957081036545108077e+01
7.903523445129394531e-01,8.237767593047076389e+02,8.801109272971011706e+02,8.487018442624652153e+02,8.487018442624652153e+02,1.181372508276877324e-05,-1.536965633268217411e-02,4.009726121854320979e+01
8.092799186706542969e-01,8.235157432606484917e+02,8.807295838477311918e+02,8.485750823625738803e+02,8.485750823625738803e+02,1.181372508276877324e-05,-1.536965633268217411e-02,4.076619239007084872e+01
8.295717239379882812e-01,8.234182158406673580e+02,8.813511411856782161e+02,8.484291163565790157e+02,8.484291163565790157e+02,1.181372508276877324e-05,-1.536965633268217411e-02,4.134494967302118340e+01
8.503360748291015625e-01,8.231580711215683550e+02,8.819503408057164506e+02,8.482684389298420911e+02,8.482684389298420911e+02,1.181372508276877324e-05,-1.536965633268217411e-02,4.201191599347522043e+01
8.701944351196289062e-01,8.229433674169210917e+02,8.825466130689030706e+02,8.481035488994955358e+02,8.481035488994955358e+02,1.181372508276877324e-05,-1.536965633268217411e-02,4.265394942574494053e+01
8.903512954711914062e-01,8.227345052771470364e+02,8.830791485357701731e+02,8.479244292905004841e+02,8.479244292905004841e+02,1.181372508276877324e-05,-1.536965633268217411e-02,4.324796592918857385e+01
9.094879627227783203e-01,8.225315528123102240e+02,8.835889959929313591e+02,8.477429294892551752e+02,8.477429294892551752e+02,1.181372508276877324e-05,-1.536965633268217411e-02,4.382412574978283715e+01
9.296224117279052734e-01,8.223673694463550419e+02,8.841485698785138538e+02,8.475394009983773458e+02,8.475394009983773458e+02,1.181372508276877324e-05,-1.536965633268217411e-02,4.442817145179803617e+01
9.496362209320068359e-01,8.222164938864995065e+02,8.847356148901092183e+02,8.473237751473411663e+02,8.473237751473411663e+02,1.181372508276877324e-05,-1.536965633268217411e-02,4.505575795888434243e+01
9.700644016265869141e-01,8.222544791967959554e+02,8.853199369560263676e+02,8.470894057995288904e+02,8.470894057995288904e+02,1.181372508276877324e-05,-1.536965633268217411e-02,4.558889219833112350e+01
9.903516769409179688e-01,8.222001553119237087e+02,8.859222955097820886e+02,8.468417763404161178e+02,8.468417763404161178e+02,1.181372508276877324e-05,-1.536965633268217411e-02,4.620061109399983224e+01
1.010150671005249023e+00,8.222496289605277298e+02,8.862275686159130146e+02,8.465852269224164957e+02,8.465852269224164957e+02,1.181372508276877324e-05,-1.536965633268217411e-02,4.651598201808295840e+01
1.030113458633422852e+00,8.222294556667735606e+02,8.864205354516182069e+02,8.463110813070750282e+02,8.463110813070750282e+02,1.181372508276877324e-05,-1.536965633268217411e-02,4.678346935887543623e+01
1.050163507461547852e+00,8.219231405948460178e+02,8.867635091927136273e+02,8.460194908048305251e+02,8.460194908048305251e+02,1.181372508276877324e-05,-1.536965633268217411e-02,4.733612920206274310e+01
1.069619417190551758e+00,8.214317038203637367e+02,8.872151013361265086e+02,8.457203872470513488e+02,8.457203872470513488e+02,1.181372508276877324e-05,-1.536965633268217411e-02,4.808067636728857508e+01
1.090297222137451172e+00,8.209601578662752672e+02,8.876501157828217856e+02,8.453844041083539196e+02,8.453844041083539196e+02,1.181372508276877324e-05,-1.536965633268217411e-02,4.881530690104224135e+01
1.110028743743896484e+00,8.204501163608915704e+02,8.880125755197398121e+02,8.450457758996453776e+02,8.450457758996453776e+02,1.181372508276877324e-05,-1.536965633268217411e-02,4.950850773089044310e+01
1.130164146423339844e+00,8.201227337209321604e+02,8.883963239092140611e+02,8.446814161493894062e+02,8.446814161493894062e+02,1.181372508276877324e-05,-1.536965633268217411e-02,5.014102155991431431e+01
1.149438858032226562e+00,8.201015552786494709e+02,8.890029398247036170e+02,8.443142233126759493e+02,8.443142233126759493e+02,1.181372508276877324e-05,-1.536965633268217411e-02,5.082651548963731614e+01
1.169364690780639648e+00,8.200102483449525153e+02,8.896055988820498897e+02,8.439150514034030266e+02,8.439150514034030266e+02,1.181372508276877324e-05,-1.536965633268217411e-02,5.156612975744629779e+01
1.190136671066284180e+00,8.200248251323703244e+02,8.903142693059742214e+02,8.434770253153565136e+02,8.434770253153565136e+02,1.181372508276877324e-05,-1.536965633268217411e-02,5.238065595293277710e+01
1.209496259689331055e+00,8.201054486568007178e+02,8.908677479402833796e+02,8.430479825854724822e+02,8.430479825854724822e+02,1.181372508276877324e-05,-1.536965633268217411e-02,5.303856918938733145e+01
1.229656696319580078e+00,8.200489772831690516e+02,8.915094272499961789e+02,8.425791612988487032e+02,8.425791612988487032e+02,1.181372508276877324e-05,-1.536965633268217411e-02,5.386817351489104055e+01
1.249915599822998047e+00,8.199280827550016966e+02,8.919860643730696665e+02,8.420846856207306246e+02,8.420846856207306246e+02,1.181372508276877324e-05,-1.536965633268217411e-02,5.459910852691664473e+01
1.269953012466430664e+00,8.195878293947084785e+02,8.925430313963213393e+02,8.415718468081588526e+02,8.415718468081588526e+02,1.181372508276877324e-05,-1.536965633268217411e-02,5.550998720910880024e+01
1.289787769317626953e+00,8.195006419053370337e+02,8.928723348188152613e+02,8.410401928123758353e+02,8.410401928123758353e+02,1.181372508276877324e-05,-1.536965633268217411e-02,5.612952162857455107e+01
1.310585260391235352e+00,8.192652840403720802e+02,8.933980313451445454e+02,8.404562999353761370e+02,8.404562999353761370e+02,1.181372508276877324e-05,-1.536965633268217411e-02,5.702531086567063312e+01
1.329707145690917969e+00,8.191555818390767172e+02,8.940388986118773573e+02,8.398948639701167167e+02,8.398948639701167167e+02,1.181372508276877324e-05,-1.536965633268217411e-02,5.798011996019886993e+01
1.349891901016235352e+00,8.192673510553605638e+02,8.946791997425627869e+02,8.392759176281590499e+02,8.392759176281590499e+02,1.181372508276877324e-05,-1.536965633268217411e-02,5.890557193802906966e+01
1.370060920715332031e+00,8.193587258479872162e+02,8.953730593251871142e+02,8.386297013392130566e+02,8.386297013392130566e+02,1.181372508276877324e-05,-1.536965633268217411e-02,5.992644801677997890e+01
1.390112400054931641e+00,8.194556860941395371e+02,8.959938913778153164e+02,8.379589689432602881e+02,8.379589689432602881e+02,1.181372508276877324e-05,-1.536965633268217411e-02,6.091324731271010506e+01
1.409462451934814453e+00,8.193460784541377961e+02,8.965588009307473385e+02,8.372842255030734577e+02,8.372842255030734577e+02,1.181372508276877324e-05,-1.536965633268217411e-02,6.192941475325145717e+01
1.429577112197875977e+00,8.190994898333358378e+02,8.969773513689956417e+02,8.365534398412712562e+02,8.365534398412712562e+02,1.181372508276877324e-05,-1.536965633268217411e-02,6.289427203799859711e+01
1.450020551681518555e+00,8.188210607794014777e+02,8.973494226414577497e+02,8.357791996319732561e+02,8.357791996319732561e+02,1.181372508276877324e-05,-1.536965633268217411e-02,6.386290656383216913e+01
1.470597982406616211e+00,8.186983550437360009e+02,8.978559809140397192e+02,8.349669447647897869e+02,8.349669447647897869e+02,1.181372508276877324e-05,-1.536965633268217411e-02,6.495920165221892262e+01
1.489714384078979492e+00,8.185658183211958203e+02,8.984731844377913603e+02,8.341819808822581308e+02,8.341819808822581308e+02,1.181372508276877324e-05,-1.536965633268217411e-02,6.616058787338978675e+01
1.509799480438232422e+00,8.185726210736506800e+02,8.991074947512759081e+02,8.333249163241112001e+02,8.333249163241112001e+02,1.181372508276877324e-05,-1.536965633268217411e-02,6.741645080900384812e+01
1.529658555984497070e+00,8.187112041513887561e+02,8.997655711451413936e+02,8.324441283493615629e+02,8.324441283493615629e+02,1.181372508276877324e-05,-9.226519289642411484e-03,6.870785884549687239e+01
1.549733400344848633e+00,8.187214883047990952e+02,9.004697797764717961e+02,8.315192182259694391e+02,8.315192182259694391e+02,1.181372508276877324e-05,-1.181372508276877324e-05,7.012818141991729703e+01
1.571118116378784180e+00,8.188482465670052761e+02,9.009154427774112719e+02,8.304948000753209953e+02,8.304948000753209953e+02,1.181372508276877324e-05,-1.181372508276877324e-05,7.137723115390174655e+01
1.589840888977050781e+00,8.189590143227719636e+02,9.010650609216772864e+02,8.295639435480729844e+02,8.295639435480729844e+02,1.181372508276877324e-05,-1.181372508276877324e-05,7.228329204973707078e+01
1.610248804092407227e+00,8.188512115609773900e+02,9.011028030591285187e+02,8.285123426253005618e+02,8.285123426253005618e+02,-5.141333156020970463e-02,4.234039069664328331e-02,7.323054280446903874e+01
1.629671335220336914e+00,8.188843422298303949e+02,9.010619327226499991e+02,8.274749081142176692e+02,8.274749081142176692e+02,-7.560784052972015223e-02,5.443764518139850711e-02,7.408676003805284438e+01
1.649792909622192383e+00,8.186874710381380282e+02,9.009842037657956553e+02,8.263616308496815464e+02,8.263616308496815464e+02,-1.088752903627970142e-01,6.955921328734253339e-02,7.501613904643372166e+01
1.670117616653442383e+00,8.179448227708649029e+02,9.004604658995972386e+02,8.251964537486690006e+02,8.251964537486690006e+02,-1.421427401958738901e-01,8.770509501447537604e-02,7.561254973146535008e+01
1.690013885498046875e+00,8.159718443223973736e+02,8.992056738033845704e+02,8.240153878375008389e+02,8.240153878375008389e+02,-2.086776398620276141e-01,1.028266631204194093e-01,7.561929446848030523e+01
1.710934162139892578e+00,8.122357959773210041e+02,8.970637950256468685e+02,8.227294310746383417e+02,8.227294310746383417e+02,-2.298478352103492384e-01,1.028266631204194093e-01,7.507139296400890771e+01
1.729740142822265625e+00,8.059818810788910923e+02,8.941294442889993661e+02,8.215340437076280296e+02,8.215340437076280296e+02,-2.358964624527268572e-01,1.088752903627970142e-01,7.424258850552324418e+01
1.749854087829589844e+00,7.977825636812224275e+02,8.895396623741507938e+02,8.202133854941671416e+02,8.202133854941671416e+02,-2.358964624527268572e-01,1.088752903627970142e-01,7.286476812043136420e+01
1.770062923431396484e+00,7.868144741437641869e+02,8.842976923976725629e+02,8.188417633592282527e+02,8.188417633592282527e+02,-2.358964624527268572e-01,1.088752903627970142e-01,7.287129682376207995e+01
1.789438724517822266e+00,7.755440111810551116e+02,8.783126710320011625e+02,8.174837409350409416e+02,8.174837409350409416e+02,-2.358964624527268572e-01,1.088752903627970142e-01,7.388572032929121747e+01
1.810075283050537109e+00,7.650395705458731754e+02,8.728387912012581182e+02,8.159902159917714926e+02,8.159902159917714926e+02,-2.358964624527268572e-01,1.088752903627970142e-01,7.633956231668017267e+01
1.829747200012207031e+00,7.546249636050239360e+02,8.681009801589023027e+02,8.145203716559058194e+02,8.145203716559058194e+02,-2.358964624527268572e-01,1.088752903627970142e-01,8.036380723393476444e+01
1.854014158248901367e+00,7.458063210896700639e+02,8.645677053315246212e+02,8.126438999244637671e+02,8.126438999244637671e+02,-2.358964624527268572e-01,1.088752903627970142e-01,8.463653769175334673e+01
1.878030538558959961e+00,7.367350724643988542e+02,8.609651256912973167e+02,8.107165259793606538e+02,8.107165259793606538e+02,-2.358964624527268572e-01,1.088752903627970142e-01,8.943252896567832977e+01
1.890039443969726562e+00,7.260026829755988729e+02,8.562747139213270202e+02,8.097260846677543213e+02,8.097260846677543213e+02,-2.358964624527268572e-01,1.088752903627970142e-01,9.579343858684988788e+01
1.912054538726806641e+00,7.173315072046873411e+02,8.520098208464160052e+02,8.078633601005344644e+02,8.078633601005344644e+02,-2.358964624527268572e-01,1.088752903627970142e-01,1.007220253228804125e+02
1.934070110321044922e+00,7.071289215263885808e+02,8.465671770766489317e+02,8.059387583074440045e+02,8.059387583074440045e+02,-2.358964624527268572e-01,1.088752903627970142e-01,1.068365679736329668e+02
1.950081586837768555e+00,6.957091212293302078e+02,8.406375080054383488e+02,8.044995290302192643e+02,8.044995290302192643e+02,-2.358964624527268572e-01,1.088752903627970142e-01,1.146355370463152639e+02
1.970095634460449219e+00,6.847058031181705928e+02,8.346963667852685376e+02,8.026529783174178192e+02,8.026529783174178192e+02,-2.358964624527268572e-01,1.088752903627970142e-01,1.222223992645517825e+02
1.990109443664550781e+00,6.741079114939708461e+02,8.289945716286076731e+02,8.007528168001433642e+02,8.007528168001433642e+02,-2.358964624527268572e-01,1.058509767416082048e-01,1.297556501883462943e+02
2.011124610900878906e+00,6.635251918769840813e+02,8.235112824276211541e+02,7.986989126576231683e+02,7.986989126576231683e+02,-2.358964624527268572e-01,1.058509767416082048e-01,1.374321231855394387e+02
2.029137611389160156e+00,6.526392764227954331e+02,8.173289846951311119e+02,7.968898437687718115e+02,7.968898437687718115e+02,-2.358964624527268572e-01,1.058509767416082048e-01,1.456914021534683457e+02
2.049152135848999023e+00,6.410662653198658063e+02,8.108892242921351681e+02,7.948263665997196767e+02,7.948263665997196767e+02,-2.358964624527268572e-01,1.058509767416082048e-01,1.545968438967552459e+02
2.069166183471679688e+00,6.296538243755658186e+02,8.038750346361161974e+02,7.927059165425993115e+02,7.927059165425993115e+02,-2.358964624527268572e-01,1.058509767416082048e-01,1.634341884644510685e+02
2.089180707931518555e+00,6.172253608852984144e+02,7.964722691526467315e+02,7.905275494066920601e+02,7.905275494066920601e+02,-2.358964624527268572e-01,1.058509767416082048e-01,1.734041182877805909e+02
2.110050678253173828e+00,6.058672385041103325e+02,7.894218412472012005e+02,7.881935431146279143e+02,7.881935431146279143e+02,-2.358964624527268572e-01,1.058509767416082048e-01,1.823304419706970521e+02
2.130040407180786133e+00,5.949943117546138183e+02,7.829397073320317304e+02,7.858972642270283586e+02,7.858972642270283586e+02,-2.358964624527268572e-01,1.058509767416082048e-01,1.909258610180195319e+02
2.149226427078247070e+00,5.839671873983763817e+02,7.763685425736307479e+02,7.836366688643342968e+02,7.836366688643342968e+02,-2.358964624527268572e-01,1.058509767416082048e-01,1.998017204346902531e+02
2.169462442398071289e+00,5.729548643076831240e+02,7.700417971219710580e+02,7.811914433629606265e+02,7.811914433629606265e+02,-2.358964624527268572e-01,1.058509767416082048e-01,2.085348591193905179e+02
2.190407037734985352e+00,5.613520479998832116e+02,7.635187453775806716e+02,7.785938709074760027e+02,7.785938709074760027e+02,-2.358964624527268572e-01,1.058509767416082048e-01,2.177642510375750646e+02
2.208452463150024414e+00,5.507097933385962278e+02,7.576431117527770311e+02,7.763007419629941523e+02,7.763007419629941523e+02,-2.358964624527268572e-01,1.058509767416082048e-01,2.263611787968885665e+02
2.230306625366210938e+00,5.397934582123538121e+02,7.515161235749483239e+02,7.734544542339599502e+02,7.734544542339599502e+02,-2.358964624527268572e-01,1.058509767416082048e-01,2.346886265116253298e+02
2.249459028244018555e+00,5.284280593718226555e+02,7.454388432868968266e+02,7.708970126826297928e+02,7.708970126826297928e+02,-2.358964624527268572e-01,1.058509767416082048e-01,2.438017877469732753e+02
2.270211696624755859e+00,5.176058546308881887e+02,7.398092786529512068e+02,7.680586233081440923e+02,7.680586233081440923e+02,-2.358964624527268572e-01,1.058509767416082048e-01,2.520408990849519455e+02
2.289243698120117188e+00,5.071181514796419378e+02,7.347333762925527481e+02,7.653933894366215327e+02,7.653933894366215327e+02,-2.147262671044052329e-01,1.058509767416082048e-01,2.600887059211316341e+02
2.309340000152587891e+00,4.967123987342424698e+02,7.293573594702220362e+02,7.625138253555242045e+02,7.625138253555242045e+02,-1.754101900289507521e-01,9.677803587804179042e-02,2.678614373587803925e+02
2.330402374267578125e+00,4.868359338684588238e+02,7.240388862850286387e+02,7.594230923428871165e+02,7.594230923428871165e+02,-5.746195880258730959e-02,3.629176345426567141e-02,2.748741548481924042e+02
2.350328683853149414e+00,4.778064689401194300e+02,7.185575711398182648e+02,7.564298169509077070e+02,7.564298169509077070e+02,6.154950768122531037e-03,-6.154950768122531037e-03,2.811854851508455795e+02
2.370006561279296875e+00,4.732873261440917076e+02,7.144938075733261940e+02,7.534071215413721347e+02,7.534071215413721347e+02,6.154950768122531037e-03,-6.154950768122531037e-03,2.828097342337953251e+02
2.390098094940185547e+00,4.718488952063123634e+02,7.126984138135717330e+02,7.502518098660777923e+02,7.502518098660777923e+02,1.290413190790833109e-01,-9.524225161728185063e-02,2.809242610493600978e+02
2.409586429595947266e+00,4.715773845014488188e+02,7.128378402939906664e+02,7.471239430178445673e+02,7.471239430178445673e+02,1.566854357727622271e-01,-1.321128876006031905e-01,2.776714654951425700e+02
2.430029630661010742e+00,4.739401138239354623e+02,7.148432934685847613e+02,7.437709843180548432e+02,7.437709843180548432e+02,1.413275931651628292e-01,-1.659119550624046646e-01,2.713770623495964287e+02
2.449272871017456055e+00,4.782907134022551645e+02,7.179923039330622032e+02,7.405470721644443302e+02,7.405470721644443302e+02,1.321128876006031905e-01,-1.935560717560835808e-01,2.632244579843853671e+02
2.470026016235351562e+00,4.824168307961787150e+02,7.222523161752269516e+02,7.369959507572862094e+02,7.369959507572862094e+02,1.321128876006031905e-01,-2.027707773206432196e-01,2.550056922518814133e+02
2.490112781524658203e+00,4.858295667673157823e+02,7.275420572868542877e+02,7.334849134166151998e+02,7.334849134166151998e+02,1.474707302082025884e-01,-2.119854828852028583e-01,2.477266401963335340e+02
2.509624242782592773e+00,4.900549021740781654e+02,7.347258473129052163e+02,7.300042860685241521e+02,7.300042860685241521e+02,1.843413661915239421e-01,-2.519276873900440639e-01,2.399958332386390794e+02
2.529631614685058594e+00,4.953013417066956663e+02,7.435082214047770321e+02,7.263629156820420576e+02,7.263629156820420576e+02,2.365698447824446937e-01,-2.703570985191633969e-01,2.316968115367376413e+02
2.550444126129150391e+00,5.021290217799460152e+02,7.538613665258105812e+02,7.224968417539522534e+02,7.224968417539522534e+02,2.663113928417615295e-01,-2.809520487507888853e-01,2.225886553583999046e+02
2.570045948028564453e+00,5.099072365389570223e+02,7.636988176418772127e+02,7.187823289886496241e+02,7.187823289886496241e+02,2.774190842774711396e-01,-2.699897467187116762e-01,2.136499361076505181e+02
2.589436531066894531e+00,5.197385337501427784e+02,7.745502476470462625e+02,7.150374613962264903e+02,7.150374613962264903e+02,2.774190842774711396e-01,-2.699897467187116762e-01,2.041652342271964926e+02
2.609808921813964844e+00,5.311851184619570176e+02,7.859311011240295102e+02,7.110271801832379879e+02,7.110271801832379879e+02,2.841809637950861167e-01,-2.628630660079134818e-01,1.948172593392725673e+02
2.629966020584106445e+00,5.424083363814207814e+02,7.965824450687725857e+02,7.069824693550417578e+02,7.069824693550417578e+02,2.839219329154081817e-01,-2.631428274989899285e-01,1.873840998908931681e+02
2.649082422256469727e+00,5.533734528802092427e+02,8.061246118099720661e+02,7.030756915448052951e+02,7.030756915448052951e+02,2.875051193216308087e-01,-2.592231047156859924e-01,1.817411352143712691e+02
2.669978618621826172e+00,5.641680631252958165e+02,8.149823293579165693e+02,6.987259198399433444e+02,6.987259198399433444e+02,2.865494504945917398e-01,-2.602791272381099752e-01,1.778239847648519856e+02
2.689435482025146484e+00,5.748626576612217605e+02,8.234819697370655831e+02,6.946010762191735921e+02,6.946010762191735921e+02,2.890641191431516654e-01,-2.574834881668697228e-01,1.759192246251940333e+02
2.710009336471557617e+00,5.855716496680815908e+02,8.321378164573934555e+02,6.901608513097468176e+02,6.901608513097468176e+02,2.914838100601448989e-01,-2.547410452349719856e-01,1.763415995520540207e+02
2.729989528656005859e+00,5.961680938612088312e+02,8.409900332639654152e+02,6.857712452794326055e+02,6.857712452794326055e+02,2.914838100601448989e-01,-2.547410452349719856e-01,1.792249895730628282e+02
2.749134302139282227e+00,6.086971693513341961e+02,8.514512559655734094e+02,6.814933868456766959e+02,6.814933868456766959e+02,2.831623357988982126e-01,-2.639600409901027289e-01,1.848917698472800168e+02
2.769216299057006836e+00,6.202760194267103770e+02,8.613031482406838677e+02,6.769304903914048737e+02,6.769304903914048737e+02,2.856670509260557655e-01,-2.612472921769621315e-01,1.928808078651080109e+02
2.790673255920410156e+00,6.328220549380706643e+02,8.725604760832522970e+02,6.719695386129801591e+02,6.719695386129801591e+02,2.922786355663924973e-01,-2.538287037472961583e-01,2.043752667846085558e+02
2.809112787246704102e+00,6.442101524978845646e+02,8.828828486116196927e+02,6.676355021360144519e+02,6.676355021360144519e+02,2.710335857852520514e-01,-2.763993614879982075e-01,2.165182836862925910e+02
2.830147266387939453e+00,6.577312265562891298e+02,8.946657157160464067e+02,6.626117231331069206e+02,6.626117231331069206e+02,2.672855299976434895e-01,-2.765002355622031560e-01,2.321053095483152902e+02
2.849057435989379883e+00,6.691416500282391553e+02,9.059518465759656465e+02,6.580227265805327761e+02,6.580227265805327761e+02,1.812697976700040625e-01,-1.259697505575634313e-01,2.481783209717273166e+02
2.869436740875244141e+00,6.821085223927461811e+02,9.189868082935574876e+02,6.530003638422172116e+02,6.530003638422172116e+02,9.217068309576197105e-02,-9.524225161728185063e-02,2.675744261435846738e+02
2.889435768127441406e+00,6.951070160927009738e+02,9.302780585292039177e+02,6.479943477308469255e+02,6.479943477308469255e+02,9.226519289642411484e-03,-1.044687709069242604e-01,2.861882193631744826e+02
2.909435749053955078e+00,7.043779974279543694e+02,9.387879067955343544e+02,6.429116235779699764e+02,6.429116235779699764e+02,-1.421427401958738901e-01,0.000000000000000000e+00,3.021934646627991015e+02
2.930033683776855469e+00,7.076123664795045443e+02,9.440633559306634197e+02,6.375972396229052492e+02,6.375972396229052492e+02,-1.965803853772723764e-01,5.141333156020970463e-02,3.143622089779655084e+02
2.950127363204956055e+00,7.051620960773980187e+02,9.468877257026965708e+02,6.323353120163692438e+02,6.323353120163692438e+02,-2.298478352103492384e-01,8.770509501447537604e-02,3.228729803383462240e+02
2.969939231872558594e+00,7.008105740219793915e+02,9.483072737768056868e+02,6.270724265600066474e+02,6.270724265600066474e+02,-2.389207760739156805e-01,1.421427401958738901e-01,3.295893527672334358e+02
2.990018844604492188e+00,6.954900752532804518e+02,9.483494030377071340e+02,6.216630506672370302e+02,6.216630506672370302e+02,-2.389207760739156805e-01,1.663372491653843377e-01,3.349244726566740837e+02
3.010003089904785156e+00,6.908438259763541964e+02,9.471137399766862472e+02,6.162044576406776741e+02,6.162044576406776741e+02,-2.389207760739156805e-01,1.814588172713283432e-01,3.392226237173473464e+02
3.029297828674316406e+00,6.852555665460138243e+02,9.441771000647813707e+02,6.108637384420222816e+02,6.108637384420222816e+02,-2.419450896951044760e-01,1.905317581348947853e-01,3.415141887607570652e+02
3.049422979354858398e+00,6.784359436145764448e+02,9.390913559402658848e+02,6.052199260642780700e+02,6.052199260642780700e+02,-2.570666578010484815e-01,1.996046989984611997e-01,3.418050861432027432e+02
3.069657087326049805e+00,6.694262458559614970e+02,9.314578068334408272e+02,5.994707613217910875e+02,5.994707613217910875e+02,-2.721882259069925425e-01,2.026290126196499952e-01,3.392774207104928337e+02
3.089471578598022461e+00,6.595012757631743625e+02,9.229294342199073071e+02,5.937687770445415936e+02,5.937687770445415936e+02,-2.873097940129365480e-01,2.056533262408388185e-01,3.356597974436522804e+02
3.109453678131103516e+00,6.477138554202565501e+02,9.128830319880839852e+02,5.879470541233446284e+02,5.879470541233446284e+02,-3.054556757400693767e-01,2.056533262408388185e-01,3.303868342536956106e+02
3.129380941390991211e+00,6.366927886822934397e+02,9.041488703011302732e+02,5.820705414447107842e+02,5.820705414447107842e+02,-3.295861975622243478e-01,2.030486395695846602e-01,3.266772716492953350e+02
3.149436473846435547e+00,6.241132026070170014e+02,8.949309207716887613e+02,5.760856638709209392e+02,5.760856638709209392e+02,-3.284280451583663218e-01,2.049166435603482217e-01,3.224421534557226892e+02
3.169383764266967773e+00,6.112253206211731822e+02,8.865155775523467128e+02,5.700637638329674246e+02,5.700637638329674246e+02,-3.314615317684726503e-01,1.999726596619711139e-01,3.191175710667048406e+02
3.189457416534423828e+00,5.979419038130483841e+02,8.777615552440468036e+02,5.639348609467122060e+02,5.639348609467122060e+02,-3.312367332277666443e-01,2.003447983232459484e-01,3.156638608046628178e+02
3.210008144378662109e+00,5.845445927316256984e+02,8.690813275122911818e+02,5.575897919614436660e+02,5.575897919614436660e+02,-3.389072021743002594e-01,1.870767756002137405e-01,3.126556220578563625e+02
3.230065822601318359e+00,5.707574738499515661e+02,8.595947823122030513e+02,5.513292578455498187e+02,5.513292578455498187e+02,-3.382681398816633211e-01,1.882298520309255707e-01,3.088771424884244539e+02
3.249436855316162109e+00,5.558320253595687745e+02,8.498395216614626406e+02,5.452206385656481871e+02,5.452206385656481871e+02,-3.394247309788205880e-01,1.861361427948370617e-01,3.048036506806171246e+02
3.269308090209960938e+00,5.404134943074898274e+02,8.397092716436843602e+02,5.388917126839270395e+02,5.388917126839270395e+02,-3.428620093139351788e-01,1.797260532694014978e-01,3.008214081441294070e+02
3.289075851440429688e+00,5.261252405738787274e+02,8.308565286909392853e+02,5.325340787623401866e+02,5.325340787623401866e+02,-3.428620093139351788e-01,1.797260532694014978e-01,2.983912822760199219e+02
3.309721469879150391e+00,5.098004214909819893e+02,8.213692891858163421e+02,5.258298350041779941e+02,5.258298350041779941e+02,-3.422603090857579411e-01,1.808692690290590877e-01,2.959738351198594728e+02
3.330336093902587891e+00,4.953436304246374675e+02,8.126349073117303305e+02,5.190716333161569764e+02,5.190716333161569764e+02,-3.445184129930518036e-01,1.765300959137951486e-01,2.945206511608651567e+02
3.349371910095214844e+00,4.794756924998855538e+02,8.027017923561700172e+02,5.127755899621625986e+02,5.127755899621625986e+02,-3.425625898992658569e-01,1.802960999469820358e-01,2.918322908891494194e+02
3.369431972503662109e+00,4.624086347957734233e+02,7.915959169399102393e+02,5.060846741301768930e+02,5.060846741301768930e+02,-2.631152850434261281e-01,1.058509767416082048e-01,2.888325919675597788e+02
3.389389991760253906e+00,4.465693790045785363e+02,7.810483528074269088e+02,4.993722266416085631e+02,4.993722266416085631e+02,-1.814588172713283432e-01,7.560784052972015223e-02,2.865825897893335537e+02
3.409616470336914062e+00,4.323405165466325570e+02,7.711126055603715486e+02,4.925146407553794461e+02,4.925146407553794461e+02,-7.258352690853134281e-02,2.721882259069925356e-02,2.850223696795978299e+02
3.430339097976684570e+00,4.224236246792128213e+02,7.640809666761599601e+02,4.854334516908789396e+02,4.854334516908789396e+02,-7.258352690853134281e-02,2.721882259069925356e-02,2.856828239630665962e+02
3.449903488159179688e+00,4.172017710531644070e+02,7.609175616867476037e+02,4.786984012667858224e+02,4.786984012667858224e+02,1.536138672512423475e-01,-1.013972023854043808e-01,2.888416348724314844e+02
3.469372749328613281e+00,4.149656645778381971e+02,7.607843175589109705e+02,4.719500155904278245e+02,4.719500155904278245e+02,1.720550921054444238e-01,-1.167550449930037926e-01,2.944018856154744981e+02
3.489429235458374023e+00,4.173724644740653957e+02,7.622290097983366195e+02,4.649519275532034612e+02,4.649519275532034612e+02,1.566854357727622271e-01,-1.259697505575634313e-01,3.010605735314385356e+02
3.510172367095947266e+00,4.223234982409296663e+02,7.652904689018989757e+02,4.576671374232491303e+02,4.576671374232491303e+02,1.413275931651628292e-01,-1.474707302082025884e-01,3.096470359952978129e+02
3.530302286148071289e+00,4.275487846139812973e+02,7.689280707920115674e+02,4.505540954585424060e+02,4.505540954585424060e+02,1.106119079499640195e-01,-1.966276402776034604e-01,3.192040609025695517e+02
3.549435138702392578e+00,4.320788721537692254e+02,7.730583990499496849e+02,4.437556102474889599e+02,4.437556102474889599e+02,1.013972023854043808e-01,-1.996992087991233400e-01,3.295097463286744528e+02
3.569596290588378906e+00,4.347685692994091369e+02,7.780841541346057966e+02,4.365541294742646414e+02,4.365541294742646414e+02,1.013972023854043808e-01,-1.996992087991233400e-01,3.415346921904585429e+02
3.589435338973999023e+00,4.378631250231416061e+02,7.843422951486097645e+02,4.294323104320846483e+02,4.294323104320846483e+02,1.167550449930037926e-01,-1.935560717560835808e-01,3.550101067380376207e+02
3.609509229660034180e+00,4.419650402588297311e+02,7.926075532998502240e+02,4.221928701165613802e+02,4.221928701165613802e+02,1.321128876006031905e-01,-1.966276402776034604e-01,3.709420119505352886e+02
3.630189657211303711e+00,4.464338178524700425e+02,8.015246824884702619e+02,4.147022855289625340e+02,4.147022855289625340e+02,1.413275931651628292e-01,-1.843413661915239421e-01,3.881217037645495225e+02
3.649435997009277344e+00,4.509873813327811831e+02,8.098691975576189179e+02,4.077040542120042232e+02,4.077040542120042232e+02,1.536138672512423475e-01,-1.935560717560835808e-01,4.044876375476054022e+02
3.670342206954956055e+00,4.556983247150168381e+02,8.171582198361470546e+02,4.000754949918339207e+02,4.000754949918339207e+02,1.597570042942821344e-01,-2.058423458421630992e-01,4.207753540191858974e+02
3.689651727676391602e+00,4.602589579020686870e+02,8.233770093431753594e+02,3.930074013552330712e+02,3.930074013552330712e+02,1.781982291484841829e-01,-2.334982762609248141e-01,4.355924371906235706e+02
3.709615707397460938e+00,4.649114388196923073e+02,8.294919162165315356e+02,3.856801214804042957e+02,3.856801214804042957e+02,1.812697976700040625e-01,-2.396414133039645733e-01,4.508286934016304031e+02
3.730282068252563477e+00,4.695734485421453428e+02,8.357971882873816867e+02,3.780770397576116011e+02,3.780770397576116011e+02,1.843413661915239421e-01,-2.427129818254844529e-01,4.667754569282550392e+02
3.749439954757690430e+00,4.755979015197893887e+02,8.440784555284108137e+02,3.710153545993609328e+02,3.710153545993609328e+02,1.843413661915239421e-01,-2.427129818254844529e-01,4.844855070907406116e+02
3.769604444503784180e+00,4.827612847961253237e+02,8.538241882708789490e+02,3.635715258664363887e+02,3.635715258664363887e+02,1.812697976700040625e-01,-1.996992087991233400e-01,5.045333206324054913e+02
3.789604902267456055e+00,4.908475334511459778e+02,8.649700946049663344e+02,3.561800742860558557e+02,3.561800742860558557e+02,1.781982291484841829e-01,-1.382560246436429496e-01,5.263103735763703526e+02
3.810462474822998047e+00,4.989505873519730130e+02,8.747692821312771230e+02,3.484666271126863535e+02,3.484666271126863535e+02,1.566854357727622271e-01,-8.602754605272221189e-02,5.473937403450252077e+02
3.830884218215942383e+00,5.063631661840361176e+02,8.817858707698478611e+02,3.409126722425780827e+02,3.409126722425780827e+02,1.382560246436429496e-01,2.721882259069925356e-02,5.656126614836267663e+02
3.849353075027465820e+00,5.118751199351615924e+02,8.850733720980358612e+02,3.340826214885647687e+02,3.340826214885647687e+02,5.838342935904327485e-02,-1.228981820360435517e-01,5.789654391767020343e+02
3.869435071945190430e+00,5.176003900063781202e+02,8.850865885624309612e+02,3.266608941142509934e+02,3.266608941142509934e+02,2.151279337572193501e-02,-9.524225161728185063e-02,5.901670503437748039e+02
3.889435529708862305e+00,5.178313028735523176e+02,8.848294461854561632e+02,3.192777524419361157e+02,3.192777524419361157e+02,-1.209725448475522380e-02,-8.602754605272221189e-02,5.993932187514008092e+02
3.909455299377441406e+00,5.177737352790102250e+02,8.861029956836287056e+02,3.118994787141816687e+02,3.118994787141816687e+02,-5.141333156020970463e-02,-9.226519289642411484e-03,6.099949904845144601e+02
3.930922746658325195e+00,5.189435401051515555e+02,8.909889819267693838e+02,3.040051212969416383e+02,3.040051212969416383e+02,-9.375372225685298100e-02,3.326744983307686199e-02,6.250988533981409319e+02
3.949406862258911133e+00,5.212667302947133976e+02,8.972102749253226648e+02,2.972257151484174642e+02,2.972257151484174642e+02,-1.118996039839858236e-01,5.141333156020970463e-02,6.404497235837247899e+02
3.970438957214355469e+00,5.223763831310760679e+02,9.017547883592585549e+02,2.895358650792418302e+02,2.895358650792418302e+02,-1.118996039839858236e-01,5.141333156020970463e-02,6.550013105855510958e+02
3.990284204483032227e+00,5.203941431537068638e+02,9.024658831283343261e+02,2.823072899509174363e+02,2.823072899509174363e+02,-1.209725448475522380e-01,7.560784052972015223e-02,6.642906219116746342e+02
4.010847330093383789e+00,5.164333602317948362e+02,9.004190351778079275e+02,2.748493631828030175e+02,2.748493631828030175e+02,-1.391184265746850668e-01,1.058509767416082048e-01,6.705969297201601194e+02
4.029383182525634766e+00,5.125700283948366405e+02,8.978500593152955389e+02,2.681582424649134850e+02,2.681582424649134850e+02,-1.512156810594403045e-01,1.088752903627970142e-01,6.754619939787802423e+02
4.050138711929321289e+00,5.096312997897864534e+02,8.965615143544848706e+02,2.607054390922883158e+02,2.607054390922883158e+02,-1.633129355441955144e-01,1.118996039839858236e-01,6.828448085559664378e+02
4.070446729660034180e+00,5.067583008058646783e+02,8.957569483047159338e+02,2.534580261288185454e+02,2.534580261288185454e+02,-1.754101900289507521e-01,1.088752903627970142e-01,6.904411159395032200e+02
4.089472055435180664e+00,5.029825047225568824e+02,8.939383284176210509e+02,2.467123631315049579e+02,2.467123631315049579e+02,-2.056533262408388185e-01,1.209725448475522380e-01,6.961148149634818765e+02
4.110436677932739258e+00,4.966711273011768526e+02,8.900906933136691350e+02,2.393328042737988710e+02,2.393328042737988710e+02,-2.147262671044052329e-01,1.179482312263634286e-01,6.997919995585625657e+02
4.129351377487182617e+00,4.890531263321868209e+02,8.851517360003429076e+02,2.327270790145287833e+02,2.327270790145287833e+02,-2.237992079679716473e-01,1.209725448475522380e-01,7.009714513277638162e+02
4.150173187255859375e+00,4.794425933185067379e+02,8.788482471591485137e+02,2.255171519625253609e+02,2.255171519625253609e+02,-2.328721488315380617e-01,1.270211720899298569e-01,7.009419731466001622e+02
4.169473409652709961e+00,4.700639728762681671e+02,8.730197234152287820e+02,2.188961282236660679e+02,2.188961282236660679e+02,-2.389207760739156805e-01,1.360941129534962712e-01,7.006874938043129077e+02
4.190479993820190430e+00,4.603370793049630265e+02,8.671877952627205559e+02,2.117623105645976409e+02,2.117623105645976409e+02,-2.389207760739156805e-01,1.391184265746850668e-01,7.009793018671060736e+02
4.210622787475585938e+00,4.500045083936714718e+02,8.615219925215185413e+02,2.049975454755661985e+02,2.049975454755661985e+02,-2.389207760739156805e-01,1.391184265746850668e-01,7.007515689938534251e+02
4.229393720626831055e+00,4.407574416865995772e+02,8.568291131657524602e+02,1.987643384224495264e+02,1.987643384224495264e+02,-2.389207760739156805e-01,1.391184265746850668e-01,7.011489925724542900e+02
4.249434709548950195e+00,4.318168299913193096e+02,8.528783357578693085e+02,1.921891630264241257e+02,1.921891630264241257e+02,-2.389207760739156805e-01,1.391184265746850668e-01,7.028026762467543449e+02
4.270280361175537109e+00,4.222564362359806864e+02,8.483672323027517450e+02,1.854422676221982442e+02,1.854422676221982442e+02,-2.389207760739156805e-01,9.375372225685298100e-02,7.039534496349529036e+02
4.289452791213989258e+00,4.121742364371433496e+02,8.431768595120515783e+02,1.793244400516399537e+02,1.793244400516399537e+02,-2.389207760739156805e-01,9.375372225685298100e-02,7.035048418456070749e+02
4.310299158096313477e+00,4.006091825166607805e+02,8.371625365332020010e+02,1.727725585294001007e+02,1.727725585294001007e+02,-2.056533262408388185e-01,1.028266631204194093e-01,7.023699666855102350e+02
4.330681562423706055e+00,3.895270582195540783e+02,8.319267450876129715e+02,1.664722871322364313e+02,1.664722871322364313e+02,-1.179482312263634286e-01,5.746195880258730959e-02,7.018426223288947767e+02
4.351233243942260742e+00,3.801474790539303967e+02,8.280273148116295943e+02,1.602307150671459226e+02,1.602307150671459226e+02,-7.560784052972015223e-02,3.326744983307686199e-02,7.030758719460604880e+02
4.370098829269409180e+00,3.748303241514470301e+02,8.261422290539730966e+02,1.546037534047915756e+02,1.546037534047915756e+02,-3.326744983307686199e-02,-1.181372508276877324e-05,7.067274345460616587e+02
4.389715671539306641e+00,3.715009927675440622e+02,8.254441288704374529e+02,1.488612448716989434e+02,1.488612448716989434e+02,-3.326744983307686199e-02,-1.181372508276877324e-05,7.122730208727380159e+02
4.410222530364990234e+00,3.698387256988543186e+02,8.254193969934847246e+02,1.429813342645444436e+02,1.429813342645444436e+02,1.259697505575634313e-01,-8.602754605272221189e-02,7.191564402197958543e+02
4.430931806564331055e+00,3.686369974443485944e+02,8.254419763501471152e+02,1.371763210976139362e+02,1.371763210976139362e+02,1.443991616866827088e-01,-9.832563386388450122e-02,7.261430003071617421e+02
4.449196577072143555e+00,3.695093116690592296e+02,8.259937589997327905e+02,1.321716432164343473e+02,1.321716432164343473e+02,1.536138672512423475e-01,-1.106119079499640195e-01,7.332927772837673501e+02
4.469434499740600586e+00,3.732042296627331552e+02,8.282304471913871566e+02,1.267569549264840703e+02,1.267569549264840703e+02,1.566854357727622271e-01,-1.228981820360435517e-01,7.435060992185897248e+02
4.489452362060546875e+00,3.775523137551726904e+02,8.314160214439543779e+02,1.215409979258544126e+02,1.215409979258544126e+02,1.536138672512423475e-01,-1.659119550624046646e-01,7.546286125290254176e+02
4.509471893310546875e+00,3.825153628831316155e+02,8.354907159749552648e+02,1.164685710235408465e+02,1.164685710235408465e+02,1.505422987297224680e-01,-1.874129347130438217e-01,7.666640335827116814e+02
4.530144691467285156e+00,3.864775094965284552e+02,8.397896820884502631e+02,1.113868480666361052e+02,1.113868480666361052e+02,1.505422987297224680e-01,-2.027707773206432196e-01,7.786177243146640876e+02
4.551310300827026367e+00,3.908470396215574283e+02,8.455212339608565344e+02,1.063539288470537940e+02,1.063539288470537940e+02,1.505422987297224680e-01,-2.027707773206432196e-01,7.920256530109081723e+02
4.570530176162719727e+00,3.958971994581085028e+02,8.530880718812893519e+02,1.019373809850560519e+02,1.019373809850560519e+02,1.505422987297224680e-01,-2.027707773206432196e-01,8.066224242547428958e+02
4.590439319610595703e+00,4.011172094867004034e+02,8.612786631423646213e+02,9.752138046603533894e+01,9.752138046603533894e+01,1.597570042942821344e-01,-2.273551392178850272e-01,8.218854021333359015e+02
4.610545158386230469e+00,4.070839595425819653e+02,8.706454262311538059e+02,9.323061140963540083e+01,9.323061140963540083e+01,1.689835235839245442e-01,-2.396414133039645733e-01,8.383780283608559785e+02
4.631102323532104492e+00,4.119495826499975237e+02,8.787627873646256376e+02,8.902395756657995207e+01,8.902395756657995207e+01,1.751266606269643034e-01,-2.457845503470043325e-01,8.532106296960338341e+02
4.650370836257934570e+00,4.168605199709002136e+02,8.868027315160929902e+02,8.525113936319468166e+01,8.525113936319468166e+01,1.781982291484841829e-01,-2.519276873900440639e-01,8.674386065825480046e+02
4.670508146286010742e+00,4.222836215634127939e+02,8.954967101397746774e+02,8.148875614249618593e+01,8.148875614249618593e+01,1.812697976700040625e-01,-2.519276873900440639e-01,8.824681804281082123e+02
4.690459012985229492e+00,4.274424105053000176e+02,9.036286041158377884e+02,7.794774167752194671e+01,7.794774167752194671e+01,1.812697976700040625e-01,-2.519276873900440639e-01,8.966021470730032661e+02
4.710566997528076172e+00,4.333969482695056286e+02,9.128541782721342770e+02,7.457131648044571648e+01,7.457131648044571648e+01,1.812697976700040625e-01,-2.519276873900440639e-01,9.118519564065655914e+02
4.730701208114624023e+00,4.402371038120567164e+02,9.229866422971786051e+02,7.138867788017978455e+01,7.138867788017978455e+01,1.781982291484841829e-01,-1.904845032345637013e-01,9.280453945317541411e+02
4.750969409942626953e+00,4.467586422468207275e+02,9.324815727521900044e+02,6.838975586680578544e+01,6.838975586680578544e+01,1.659119550624046646e-01,-1.106119079499640195e-01,9.433014800098306978e+02
4.770323753356933594e+00,4.541008627209084807e+02,9.418115159686576590e+02,6.572211762751862807e+01,6.572211762751862807e+01,1.443991616866827088e-01,0.000000000000000000e+00,9.583165883600551069e+02
4.790453672409057617e+00,4.621718172438625061e+02,9.488915110125963110e+02,6.315506181424115084e+01,6.315506181424115084e+01,1.228981820360435517e-01,-9.226519289642411484e-03,9.714645791546352029e+02
4.810023069381713867e+00,4.688345063556516834e+02,9.512839789940273931e+02,6.086633982002018683e+01,6.086633982002018683e+01,4.916872379448363611e-02,-7.681284048816255927e-02,9.794292200351475230e+02
4.831099987030029297e+00,4.730193394185483839e+02,9.506202242556541933e+02,5.863391848735659551e+01,5.863391848735659551e+01,1.229808781116229280e-02,-9.217068309576197105e-02,9.835419903382345410e+02
4.850239276885986328e+00,4.726535680931574461e+02,9.491688784627897348e+02,5.681961912015378857e+01,5.681961912015378857e+01,-2.721882259069925356e-02,-3.381088118688423128e-02,9.844821348139506654e+02
4.870337724685668945e+00,4.720077893720716702e+02,9.495012773179728356e+02,5.513645824855314004e+01,5.513645824855314004e+01,-6.955921328734253339e-02,-1.181372508276877324e-05,9.867472504657765739e+02
4.890455961227416992e+00,4.733828509648012641e+02,9.535620051816313207e+02,5.368334260615250741e+01,5.368334260615250741e+01,-1.391184265746850668e-01,5.443764518139850711e-02,9.929397185504888057e+02
4.910490036010742188e+00,4.746484174727572736e+02,9.585587049534769903e+02,5.247047613198338922e+01,5.247047613198338922e+01,-1.754101900289507521e-01,8.468078139328656662e-02,9.996149721585833277e+02
4.930491924285888672e+00,4.737329738377300146e+02,9.618504112758221254e+02,5.149634544878921361e+01,5.149634544878921361e+01,-2.026290126196499952e-01,9.980234949923059984e-02,1.003507994746962709e+03
4.950784683227539062e+00,4.698585195123637277e+02,9.619423731406718616e+02,5.075346855938198587e+01,5.075346855938198587e+01,-2.207748943467828240e-01,1.028266631204194093e-01,1.002952772350898044e+03
4.970833063125610352e+00,4.631958594710556554e+02,9.590218438585488911e+02,5.026575309957229365e+01,5.026575309957229365e+01,-2.389207760739156805e-01,1.118996039839858236e-01,9.981727832592421237e+02
4.989876747131347656e+00,4.554863497223791455e+02,9.555191551434174926e+02,5.003213899951487065e+01,5.003213899951487065e+01,-2.389207760739156805e-01,1.149239176051746192e-01,9.921188705987246976e+02
5.010438442230224609e+00,4.473955262841000149e+02,9.527620672485063551e+02,5.003431188962099441e+01,5.003431188962099441e+01,-2.389207760739156805e-01,1.179482312263634286e-01,9.863130005228292703e+02
