1.002883911132812500e-02,8.499585066776724034e+02,8.500422226971340933e+02,8.499999997965261400e+02,8.499999997965261400e+02,5.919841423517540474e-02
2.231621742248535156e-01,8.490766887449632350e+02,8.509395413356916151e+02,8.499998401361740434e+02,8.499998401361740434e+02,1.317287681362432794e+00
2.331860065460205078e-01,8.490352161377309130e+02,8.509817429535979727e+02,8.499998220516494030e+02,8.499998220516494030e+02,1.376456765339913568e+00
2.431929111480712891e-01,8.489938135672493900e+02,8.510238733036387657e+02,8.499998027228632509e+02,8.499998027228632509e+02,1.435525943904389701e+00
2.531986236572265625e-01,8.489524159289334193e+02,8.510659986348157418e+02,8.499997820763926484e+02,8.499997820763926484e+02,1.494588102555072906e+00
2.642087936401367188e-01,8.489068624479261871e+02,8.511123528606062791e+02,8.499997577755710836e+02,8.499997577755710836e+02,1.559579437038241867e+00
2.742137908935546875e-01,8.488654677689095251e+02,8.511544751804650559e+02,8.499997342040323929e+02,8.499997342040323929e+02,1.618637411064936193e+00
2.842221260070800781e-01,8.488240592798293846e+02,8.511966115531423611e+02,8.499997091555646875e+02,8.499997091555646875e+02,1.677715106817488477e+00
2.942283153533935547e-01,8.487826596686471703e+02,8.512387388918648412e+02,8.499996825941964289e+02,8.499996825941964289e+02,1.736780155950726323e+00
3.042349815368652344e-01,8.487412580845987122e+02,8.512808682381328254e+02,8.499996544631889037e+02,8.499996544631889037e+02,1.795848039995300516e+00
3.142421245574951172e-01,8.486998545276841242e+02,8.513229995919463136e+02,8.499996247114358994e+02,8.499996247114358994e+02,1.854918759659321736e+00
3.242492675781250000e-01,8.486584509707695361e+02,8.513651309457598018e+02,8.499995932886314449e+02,8.499995932886314449e+02,1.913989500962744339e+00
3.342583179473876953e-01,8.485963337982002486e+02,8.514072703297553062e+02,8.499995601359594275e+02,8.499995601359594275e+02,1.987634811704068527e+00
3.442652225494384766e-01,8.485342299424779640e+02,8.514494006797960992e+02,8.499995252138464821e+02,8.499995252138464821e+02,2.061365833387552193e+00
3.542704582214355469e-01,8.484721364443033735e+02,8.514915240034275712e+02,8.499994884678840208e+02,8.499994884678840208e+02,2.135175459595915370e+00
3.652617931365966797e-01,8.484039231151159584e+02,8.515377989311705278e+02,8.499994459265503792e+02,8.499994459265503792e+02,2.216353538727844352e+00
3.752689361572265625e-01,8.483418177797440194e+02,8.515799302849840160e+02,8.499994051553163672e+02,8.499994051553163672e+02,2.290339623978889794e+00
3.852760791778564453e-01,8.482797124443720804e+02,8.516220616387975042e+02,8.499993623826646854e+02,8.499993623826646854e+02,2.364391842762904705e+00
3.952832221984863281e-01,8.482176071090001415e+02,8.516641929926109924e+02,8.499993175518573025e+02,8.499993175518573025e+02,2.438504118391243480e+00
4.052903652191162109e-01,8.481555017736282025e+02,8.517063243464244806e+02,8.499992706054333667e+02,8.499992706054333667e+02,2.512671084676212807e+00
4.152972698211669922e-01,8.480933979179059179e+02,8.517484546964652736e+02,8.499992214864062134e+02,8.499992214864062134e+02,2.586886216559345364e+00
4.253048896789550781e-01,8.480312896232346702e+02,8.517905880578242659e+02,8.499991701310291319e+02,8.499991701310291319e+02,2.661152359674350709e+00
4.353120326995849609e-01,8.479691842878627313e+02,8.518327194116377541e+02,8.499991164857093509e+02,8.499991164857093509e+02,2.735456893798110745e+00
4.453189373016357422e-01,8.479070804321404466e+02,8.518748497616785471e+02,8.499990604890645045e+02,8.499990604890645045e+02,2.809798205178069885e+00
4.553263187408447266e-01,8.478449736171188533e+02,8.519169821192648442e+02,8.499990020759328218e+02,8.499990020759328218e+02,2.884178574221850422e+00
4.653332233428955078e-01,8.477828697613965687e+02,8.519591124693056372e+02,8.499989411900860432e+02,8.499989411900860432e+02,2.958588180354134511e+00
4.753403663635253906e-01,8.477207644260246298e+02,8.520012438231191254e+02,8.499988777647424740e+02,8.499988777647424740e+02,3.033029873869199200e+00
4.853641986846923828e-01,8.476585555151762037e+02,8.520434454410254830e+02,8.499988116257570709e+02,8.499988116257570709e+02,3.107623867466934975e+00
4.953720569610595703e-01,8.475964457408553017e+02,8.520855798061572841e+02,8.499987429243069528e+02,8.499987429243069528e+02,3.182125064963749583e+00
5.063798427581787109e-01,8.475281303158410537e+02,8.521319239942203012e+02,8.499986642027715789e+02,8.499986642027715789e+02,3.264097888281522586e+00
5.163855552673339844e-01,8.474660338583671546e+02,8.521740493253972772e+02,8.499985897082575548e+02,8.499985897082575548e+02,3.338632007068133678e+00
5.263934135437011719e-01,8.474039240840462526e+02,8.522161836905290784e+02,8.499985123293893139e+02,8.499985123293893139e+02,3.413202957471454191e+00
5.364007949829101562e-01,8.473418172690246593e+02,8.522583160481153755e+02,8.499984320187948015e+02,8.499984320187948015e+02,3.487789809417199738e+00
5.474073886871337891e-01,8.472735092422587968e+02,8.523046552173146893e+02,8.499983402190315473e+02,8.499983402190315473e+02,3.569844915859246459e+00
5.574162006378173828e-01,8.472113935493391637e+02,8.523467935975374985e+02,8.499982535109893433e+02,8.499982535109893433e+02,3.644479247296169788e+00
5.674228668212890625e-01,8.471492911732665334e+02,8.523889229438054826e+02,8.499981636742236333e+02,8.499981636742236333e+02,3.719113390554407150e+00
5.774300098419189453e-01,8.470871858378945944e+02,8.524310542976189708e+02,8.499980706160845330e+02,8.499980706160845330e+02,3.793765910874148162e+00
5.874357223510742188e-01,8.470043905612626531e+02,8.524731796287959469e+02,8.499979742841741199e+02,8.499979742841741199e+02,3.884351297723332319e+00
5.974428653717041016e-01,8.469215834474333633e+02,8.525153109826094351e+02,8.499978745796192925e+02,8.499978745796192925e+02,3.975053857882397956e+00
6.074509620666503906e-01,8.468594721934628069e+02,8.525574463515139314e+02,8.499977714339022441e+02,8.499977714339022441e+02,4.049797254973777960e+00
6.174607276916503906e-01,8.467973505819445563e+02,8.525995887468277488e+02,8.499976647654793851e+02,8.499976647654793851e+02,4.124562919637657643e+00
6.274642944335937500e-01,8.467352674413175464e+02,8.526417050440498997e+02,8.499975545870984206e+02,8.499975545870984206e+02,4.199291495064833235e+00
6.374745368957519531e-01,8.466731428704999871e+02,8.526838494469092211e+02,8.499974406824501330e+02,8.499974406824501330e+02,4.274078613256795833e+00
6.474821567535400391e-01,8.466110345758287394e+02,8.527259828082682134e+02,8.499973230801530235e+02,8.499973230801530235e+02,4.348854302728071275e+00
6.574871540069580078e-01,8.465282452177954156e+02,8.527260636572506201e+02,8.499972017074836685e+02,8.499972017074836685e+02,4.413654570561241108e+00
6.674935817718505859e-01,8.464454440225648568e+02,8.526846630596353407e+02,8.499970764395798142e+02,8.499970764395798142e+02,4.453898816306113062e+00
6.784849166870117188e-01,8.463544929169817124e+02,8.526391875068437685e+02,8.499969342805661654e+02,8.499969342805661654e+02,4.499875687052407258e+00
6.885077953338623047e-01,8.462715555939819296e+02,8.525977188453439339e+02,8.499968004000211295e+02,8.499968004000211295e+02,4.543371614136623826e+00
6.985170841217041016e-01,8.461680245069503599e+02,8.524941877583123642e+02,8.499966625763597676e+02,8.499966625763597676e+02,4.571225382872555976e+00
7.085318565368652344e-01,8.460644367000149941e+02,8.523905999513769984e+02,8.499965204724339856e+02,8.499965204724339856e+02,4.603574626832589445e+00
7.195298671722412109e-01,8.459506787677183866e+02,8.522768420190803909e+02,8.499963594758401086e+02,8.499963594758401086e+02,4.644150409072895336e+00
7.295365333557128906e-01,8.458471748075974119e+02,8.521733380589594162e+02,8.499962084096248418e+02,8.499962084096248418e+02,4.685549417172376607e+00
7.395439147949218750e-01,8.457022589058803987e+02,8.520491244289162296e+02,8.499960528824899484e+02,8.499960528824899484e+02,4.759387511887811506e+00
7.505517005920410156e-01,8.454745408224996481e+02,8.518669499622116064e+02,8.499958765697224408e+02,8.499958765697224408e+02,4.893198604103005778e+00
7.605602741241455078e-01,8.452674934449332795e+02,8.517013120601584433e+02,8.499957114083736087e+02,8.499957114083736087e+02,5.026441951636233085e+00
7.705669403076171875e-01,8.450397847326670444e+02,8.515150049319406662e+02,8.499955415708808459e+02,8.499955415708808459e+02,5.183463585779884752e+00
7.805736064910888672e-01,8.447913752283766371e+02,8.512872962196744311e+02,8.499953669416642015e+02,8.499953669416642015e+02,5.361959624180852479e+00
7.905817031860351562e-01,8.445429302124942978e+02,8.510595549551155727e+02,8.499951874094391542e+02,8.499951874094391542e+02,5.555176578104986440e+00
8.005878925323486328e-01,8.442945325454012391e+02,8.508111572880225140e+02,8.499950029484353990e+02,8.499950029484353990e+02,5.758599718846181048e+00
8.105962276458740234e-01,8.440460816109201687e+02,8.505627063535414436e+02,8.499948133970149229e+02,8.499948133970149229e+02,5.975777127116314702e+00
8.206014633178710938e-01,8.437977076182216933e+02,8.503143323608429682e+02,8.499946187678149272e+02,8.499946187678149272e+02,6.205153066405359574e+00
8.306102752685546875e-01,8.435492448465433881e+02,8.500658695891646630e+02,8.499944188424178719e+02,8.499944188424178719e+02,6.445570032689687423e+00
8.406157493591308594e-01,8.433008649352462953e+02,8.498174896778675702e+02,8.499942136698713284e+02,8.499942136698713284e+02,6.695681343422510423e+00
8.506243228912353516e-01,8.430317033444099479e+02,8.496311470380577475e+02,8.499940030287278887e+02,8.499940030287278887e+02,6.971748802432493619e+00
8.606307506561279297e-01,8.427832997587181580e+02,8.494655446475965164e+02,8.499937869382716826e+02,8.499937869382716826e+02,7.229810874716121383e+00
8.706369400024414062e-01,8.425349020916250993e+02,8.492999462028677726e+02,8.499935652682307818e+02,8.499935652682307818e+02,7.490845332129653755e+00
8.806440830230712891e-01,8.422864807501373434e+02,8.491550337536665438e+02,8.499933378998214266e+02,8.499933378998214266e+02,7.752315845416590356e+00
8.906531333923339844e-01,8.420173063356705825e+02,8.490307994085280825e+02,8.499931047164034226e+02,8.499931047164034226e+02,8.033641223982165513e+00
9.006597995758056641e-01,8.417481960393560030e+02,8.489065946563828220e+02,8.499928657251327877e+02,8.499928657251327877e+02,8.315922261683899919e+00
9.106652736663818359e-01,8.414584194761760045e+02,8.488031030266756716e+02,8.499926208067552125e+02,8.499926208067552125e+02,8.616701509277508109e+00
9.206738471984863281e-01,8.411685531475829976e+02,8.486995793378924873e+02,8.499923697598314902e+02,8.499923697598314902e+02,8.918018091574477779e+00
9.306812286376953125e-01,8.408787213441488575e+02,8.486167702511970674e+02,8.499921125948684448e+02,8.499921125948684448e+02,9.216586496691050456e+00
9.406867027282714844e-01,8.405889447809688590e+02,8.485546752733728226e+02,8.499918492370047716e+02,8.499918492370047716e+02,9.512101829305738221e+00
9.506955146789550781e-01,8.402990715473441696e+02,8.484925595804531895e+02,8.499915794499805770e+02,8.499915794499805770e+02,9.807740311198452687e+00
9.607009887695312500e-01,8.400092949841641712e+02,8.484511629285702838e+02,8.499913033161957401e+02,8.499913033161957401e+02,1.010012488805671893e+01
9.707093238830566406e-01,8.397194355606029603e+02,8.484097544394901433e+02,8.499910205667306400e+02,8.499910205667306400e+02,1.039258683404979422e+01
9.807150363922119141e-01,8.394296520923911658e+02,8.483683568011741727e+02,8.499907312572830733e+02,8.499907312572830733e+02,1.068496569966177390e+01
9.907233715057373047e-01,8.391604969133700251e+02,8.483683568011741727e+02,8.499904351364439208e+02,8.499904351364439208e+02,1.095073970293096011e+01
1.000730752944946289e+00,8.388913673816097116e+02,8.483683568011741727e+02,8.499901322078765133e+02,8.499901322078765133e+02,1.121662766336485362e+01
1.010737419128417969e+00,8.386429578773193043e+02,8.483683568011741727e+02,8.499898223648984867e+02,8.499898223648984867e+02,1.146213262328740434e+01
1.020743370056152344e+00,8.384152654411993808e+02,8.483684376578631827e+02,8.499895055071224306e+02,8.499895055071224306e+02,1.168721070553279695e+01
1.030751466751098633e+00,8.381875241766405225e+02,8.483685185318918229e+02,8.499891814398106362e+02,8.499891814398106362e+02,1.191241631317675953e+01
1.040758371353149414e+00,8.379598100389921456e+02,8.483896241391099693e+02,8.499888501666790717e+02,8.499888501666790717e+02,1.213488072791639638e+01
1.050764799118041992e+00,8.377735073497233316e+02,8.484107287406286559e+02,8.499885115618067175e+02,8.499885115618067175e+02,1.231648190564251344e+01
1.060772180557250977e+00,8.375871869046585516e+02,8.484318353535461483e+02,8.499881654714745309e+02,8.499881654714745309e+02,1.249825719252889655e+01
1.070778846740722656e+00,8.374422813604891189e+02,8.484529404579145648e+02,8.499878118476304962e+02,8.499878118476304962e+02,1.263907296389898427e+01
1.080786943435668945e+00,8.372973551012244116e+02,8.484740485793811331e+02,8.499874505073856881e+02,8.499874505073856881e+02,1.278001982835564476e+01
1.090794563293457031e+00,8.371731385118819162e+02,8.485161819407401254e+02,8.499870814115353141e+02,8.499870814115353141e+02,1.289808814858866093e+01
1.100800514221191406e+00,8.371110405747582490e+02,8.485583082756899103e+02,8.499867044988816360e+02,8.499867044988816360e+02,1.295465311219875382e+01
1.110807418823242188e+00,8.370489367190359644e+02,8.486004386257307033e+02,8.499863195630910013e+02,8.499863195630910013e+02,1.301140041756413979e+01
1.120814800262451172e+00,8.370489367190359644e+02,8.486425709833170004e+02,8.499859265116704137e+02,8.499859265116704137e+02,1.300654869557199689e+01
1.130822420120239258e+00,8.370489367190359644e+02,8.486847043446759926e+02,8.499855252432582802e+02,8.499855252432582802e+02,1.300182516630757235e+01
1.140830039978027344e+00,8.370489367190359644e+02,8.487268377060349849e+02,8.499851156565375732e+02,8.499851156565375732e+02,1.299723004735167642e+01
1.150835752487182617e+00,8.370490175737983236e+02,8.487899852754193262e+02,8.499846977206802876e+02,8.499846977206802876e+02,1.299073357009901919e+01
1.160844564437866211e+00,8.370490984536068027e+02,8.488531524058493005e+02,8.499842711130121415e+02,8.499842711130121415e+02,1.298453392534060669e+01
1.170850038528442383e+00,8.370491793064425110e+02,8.488952767332535814e+02,8.499838359955048190e+02,8.499838359955048190e+02,1.298038154028367686e+01
1.180857658386230469e+00,8.370702864222097332e+02,8.489374100946125736e+02,8.499833920177741220e+02,8.499833920177741220e+02,1.295539942671691946e+01
1.190865993499755859e+00,8.370913950465260314e+02,8.489795464672898788e+02,8.499829391253199447e+02,8.499829391253199447e+02,1.293053384673947015e+01
1.200871229171752930e+00,8.371335183701575033e+02,8.490216697909213508e+02,8.499824773790610379e+02,8.499824773790610379e+02,1.288483212284545409e+01
1.210879087448120117e+00,8.371966794818041535e+02,8.490848309025680010e+02,8.499820063999387685e+02,8.499820063999387685e+02,1.281676668573864752e+01
1.220886945724487305e+00,8.372598405934508037e+02,8.491479920142146511e+02,8.499815261914311577e+02,8.499815261914311577e+02,1.274896323935592690e+01
1.230896234512329102e+00,8.373440404853256496e+02,8.492321919060894970e+02,8.499810365657936018e+02,8.499810365657936018e+02,1.265916420077288329e+01
1.240899562835693359e+00,8.374281902367284829e+02,8.493163416574923303e+02,8.499805377731827321e+02,8.499805377731827321e+02,1.256990792154132208e+01
1.250909566879272461e+00,8.375123961454600021e+02,8.494005475662238496e+02,8.499800290639630020e+02,8.499800290639630020e+02,1.248109247609205319e+01
1.260915040969848633e+00,8.375965639474327418e+02,8.494636936309123030e+02,8.499795108853130614e+02,8.499795108853130614e+02,1.239368558203318038e+01
1.270921945571899414e+00,8.376807437831188281e+02,8.495268487237757427e+02,8.499789828131019931e+02,8.499789828131019931e+02,1.230654738232182410e+01
1.280931472778320312e+00,8.377649456806125272e+02,8.495900203682931533e+02,8.499784446577309609e+02,8.499784446577309609e+02,1.221967391924589386e+01
1.290939092636108398e+00,8.378701577787470569e+02,8.496531799752440293e+02,8.499778965402471158e+02,8.499778965402471158e+02,1.211209225378994603e+01
1.300943851470947266e+00,8.379753397983782861e+02,8.497163215258450464e+02,8.499773383979891150e+02,8.499773383979891150e+02,1.200483653335621881e+01
1.310949325561523438e+00,8.380805293376353120e+02,8.498004893278177860e+02,8.499767699119324789e+02,8.499767699119324789e+02,1.189754658095062823e+01
1.320956468582153320e+00,8.381857364226859772e+02,8.498846711691227256e+02,8.499761909006659835e+02,8.499761909006659835e+02,1.179080966933910446e+01
1.330963850021362305e+00,8.382909460142785747e+02,8.499688550160465184e+02,8.499756013196865752e+02,8.499756013196865752e+02,1.168465725294551127e+01
1.340970754623413086e+00,8.384171753356099543e+02,8.500320101089099580e+02,8.499750010864994465e+02,8.499750010864994465e+02,1.155796634865149919e+01
1.350977897644042969e+00,8.385434076644063452e+02,8.500951667064691719e+02,8.499743900328496693e+02,8.499743900328496693e+02,1.143162039750064096e+01
1.360984802246093750e+00,8.386906617285603716e+02,8.501793465421552582e+02,8.499737680614022111e+02,8.499737680614022111e+02,1.128497899997888076e+01
1.370993375778198242e+00,8.388589686007148885e+02,8.502635404171734308e+02,8.499731349240519194e+02,8.499731349240519194e+02,1.111795972349397132e+01
1.381000280380249023e+00,8.390272474076915614e+02,8.503477202528595171e+02,8.499724907040395010e+02,8.499724907040395010e+02,1.095167329820229618e+01
1.391007184982299805e+00,8.392165509574908810e+02,8.504319000885456035e+02,8.499718351680996875e+02,8.499718351680996875e+02,1.076511951545341716e+01
1.401013374328613281e+00,8.394058409765875695e+02,8.505160739073750165e+02,8.499711682349809507e+02,8.499711682349809507e+02,1.057936965365883353e+01
1.411021232604980469e+00,8.395951625673236549e+02,8.506002617655366294e+02,8.499704896140617620e+02,8.499704896140617620e+02,1.039442274922222786e+01
1.421028137207031250e+00,8.398054908599456212e+02,8.506844416012227157e+02,8.499697993511488221e+02,8.499697993511488221e+02,1.018940040679215642e+01
1.432018995285034180e+00,8.400365001985899198e+02,8.507768986260318798e+02,8.499690275706727789e+02,8.499690275706727789e+02,9.965327673451698232e+00
1.442026138305664062e+00,8.402679396124368623e+02,8.508610804673368193e+02,8.499683122989973754e+02,8.499683122989973754e+02,9.741368757036630299e+00
1.452033042907714844e+00,8.404993735122768612e+02,8.509242355602002590e+02,8.499675849283228217e+02,8.499675849283228217e+02,9.516417805582863210e+00
1.462040424346923828e+00,8.407308184401307471e+02,8.509873936624552471e+02,8.499668452724737335e+02,8.499668452724737335e+02,9.292239270706145859e+00
1.472047328948974609e+00,8.409622523399707461e+02,8.510505487553186867e+02,8.499660932674701144e+02,8.499660932674701144e+02,9.068913669940714684e+00
1.482054471969604492e+00,8.411936917538176886e+02,8.511137053528779006e+02,8.499653287248127072e+02,8.499653287248127072e+02,8.846489927130027908e+00
1.492062091827392578e+00,8.414251421956786317e+02,8.511768649598287766e+02,8.499645514890178220e+02,8.499645514890178220e+02,8.625034204609129063e+00
1.502068758010864258e+00,8.416565705815116871e+02,8.512400185479963284e+02,8.499637615354594118e+02,8.499637615354594118e+02,8.404656656128230097e+00
1.512075901031494141e+00,8.418880099953586296e+02,8.513031751455555423e+02,8.499629586147677855e+02,8.499629586147677855e+02,8.185412363191886698e+00
1.522082805633544922e+00,8.421194438951986285e+02,8.513663302384189819e+02,8.499621426457964617e+02,8.499621426457964617e+02,7.967412785082987448e+00
1.532090187072753906e+00,8.423508888230525145e+02,8.514294883406739700e+02,8.499613134309502129e+02,8.499613134309502129e+02,7.750748368902011798e+00
1.542097568511962891e+00,8.425823337509064004e+02,8.514926464429289581e+02,8.499604708692638724e+02,8.499604708692638724e+02,7.535547048875764098e+00
1.552104473114013672e+00,8.427716373007057200e+02,8.515558015357923978e+02,8.499596148615938773e+02,8.499596148615938773e+02,7.363072274174727205e+00
1.562111616134643555e+00,8.429609453607391742e+02,8.516189581333516117e+02,8.499587452062717148e+02,8.499587452062717148e+02,7.192044885940190646e+00
1.572118520736694336e+00,8.430451251964252606e+02,8.516189581333516117e+02,8.499578618030534471e+02,8.499578618030534471e+02,7.109512529783416745e+00
1.582142353057861328e+00,8.431083871226917381e+02,8.516189581333516117e+02,8.499569629592149340e+02,8.499569629592149340e+02,7.047355457720506422e+00
1.592151165008544922e+00,8.431715542531217125e+02,8.516189581333516117e+02,8.499560513922072005e+02,8.499560513922072005e+02,6.985317477395189378e+00
1.602161169052124023e+00,8.432347289070307852e+02,8.516189581333516117e+02,8.499551255105784549e+02,8.499551255105784549e+02,6.923299033378469858e+00
1.612164735794067383e+00,8.432978629341527039e+02,8.516189581333516117e+02,8.499541858866521125e+02,8.499541858866521125e+02,6.861348401105378692e+00
1.622171640396118164e+00,8.433610180270161436e+02,8.516189581333516117e+02,8.499532314636572892e+02,8.499532314636572892e+02,6.799406101444669837e+00
1.632179260253906250e+00,8.434031513883751359e+02,8.516189581333516117e+02,8.499522623369136909e+02,8.499522623369136909e+02,6.757864240581591631e+00
1.642185211181640625e+00,8.434452777233249208e+02,8.516189581333516117e+02,8.499512785926792731e+02,8.499512785926792731e+02,6.716338463956137872e+00
1.652193069458007812e+00,8.434663853419417592e+02,8.516190390054536010e+02,8.499502797313491556e+02,8.499502797313491556e+02,6.695195588472252268e+00
1.662198543548583984e+00,8.434874879320617538e+02,8.516191198582893094e+02,8.499492660341745704e+02,8.499492660341745704e+02,6.674053343722638587e+00
1.672205686569213867e+00,8.435085940421295163e+02,8.516192007246114599e+02,8.499482369432428186e+02,8.499482369432428186e+02,6.652903174742943904e+00
1.682214260101318359e+00,8.435086749200113445e+02,8.516192816024932881e+02,8.499471923263381541e+02,8.499471923263381541e+02,6.652096582206718622e+00
1.692221403121948242e+00,8.435087557863334951e+02,8.516193624688154387e+02,8.499461323317029837e+02,8.499461323317029837e+02,6.651279266322726258e+00
1.702228069305419922e+00,8.435088366488023439e+02,8.516194433312842875e+02,8.499450567116930415e+02,8.499450567116930415e+02,6.650451056118144244e+00
1.712234735488891602e+00,8.435089175112711928e+02,8.516195241937531364e+02,8.499439652643989120e+02,8.499439652643989120e+02,6.649611816547849052e+00
1.722241163253784180e+00,8.435089983718133908e+02,8.516196050542953344e+02,8.499428578639042371e+02,8.499428578639042371e+02,6.648761471466089645e+00
1.732249736785888672e+00,8.435089983718133908e+02,8.516196859321771626e+02,8.499417340885192971e+02,8.499417340885192971e+02,6.647977977597299137e+00
1.742256641387939453e+00,8.435090792362088905e+02,8.516196859321771626e+02,8.499405942114437948e+02,8.499405942114437948e+02,6.647084615326193990e+00
1.752262353897094727e+00,8.435091600909712497e+02,8.516196859321771626e+02,8.499394380307037409e+02,8.499394380307037409e+02,6.646179909738839875e+00
1.762269973754882812e+00,8.435091600909712497e+02,8.516196859321771626e+02,8.499382650309946712e+02,8.499382650309946712e+02,6.645341720089863458e+00
1.772277593612670898e+00,8.435091600909712497e+02,8.516196859321771626e+02,8.499370752749979374e+02,8.499370752749979374e+02,6.644491871971395902e+00
1.782285451889038086e+00,8.435091600909712497e+02,8.516196859321771626e+02,8.499358685768977466e+02,8.499358685768977466e+02,6.643630246259932370e+00
1.792291164398193359e+00,8.435091600909712497e+02,8.516197667869395218e+02,8.499346450714667753e+02,8.499346450714667753e+02,6.642777463571349017e+00
1.802299022674560547e+00,8.435091600909712497e+02,8.516198476590415112e+02,8.499334040756416471e+02,8.499334040756416471e+02,6.641912581069127519e+00
1.812305212020874023e+00,8.435091600909712497e+02,8.516199285176570584e+02,8.499321459022401086e+02,8.499321459022401086e+02,6.641035829497139886e+00
1.822313785552978516e+00,8.435091600909712497e+02,8.516200093955388866e+02,8.499308698799997046e+02,8.499308698799997046e+02,6.640146754211071034e+00
1.832319498062133789e+00,8.435091600909712497e+02,8.516200902503012458e+02,8.499295765184797347e+02,8.499295765184797347e+02,6.639245723732321025e+00
1.842327833175659180e+00,8.435091600909712497e+02,8.516201711262565368e+02,8.499282649482922807e+02,8.499282649482922807e+02,6.638332146278616896e+00
1.852335214614868164e+00,8.435091600909712497e+02,8.516202519945052245e+02,8.499269354717232545e+02,8.499269354717232545e+02,6.637406246728684067e+00
1.862340688705444336e+00,8.435091600909712497e+02,8.516203328473409329e+02,8.499255880606267510e+02,8.499255880606267510e+02,6.636468020104693721e+00
1.872349500656127930e+00,8.435091600909712497e+02,8.516204137271494119e+02,8.499242218413805858e+02,8.499242218413805858e+02,6.635516873229462043e+00
1.882357835769653320e+00,8.435091600909712497e+02,8.516204946031047029e+02,8.499228371627202705e+02,8.499228371627202705e+02,6.634553064492868302e+00
1.892365217208862305e+00,8.435091600909712497e+02,8.516205754713533906e+02,8.499214339297798233e+02,8.499214339297798233e+02,6.633576543778615608e+00
1.902370452880859375e+00,8.435091600909712497e+02,8.516416775586236554e+02,8.499200121529452190e+02,8.499200121529452190e+02,6.638008430969773777e+00
1.912378549575805664e+00,8.435091600909712497e+02,8.516627856800902237e+02,8.499185709524922459e+02,8.499185709524922459e+02,6.642501984023264860e+00
1.922384500503540039e+00,8.435091600909712497e+02,8.516838892759095643e+02,8.499171108804714549e+02,8.499171108804714549e+02,6.647054928255307082e+00
1.932390451431274414e+00,8.435091600909712497e+02,8.517049928717289049e+02,8.499156314623296566e+02,8.499156314623296566e+02,6.651668188167697338e+00
1.942399263381958008e+00,8.435091600909712497e+02,8.517261025017445490e+02,8.499141320983461583e+02,8.499141320983461583e+02,6.656343076949076121e+00
1.952404737472534180e+00,8.435091600909712497e+02,8.517472050918645436e+02,8.499126135494692562e+02,8.499126135494692562e+02,6.661076663916907670e+00
1.962413549423217773e+00,8.435091600909712497e+02,8.517683147218801878e+02,8.499110746326523440e+02,8.499110746326523440e+02,6.665872077082106273e+00
1.972419738769531250e+00,8.435091600909712497e+02,8.517894188205492583e+02,8.499095160916974692e+02,8.499095160916974692e+02,6.670726437651040008e+00
1.983410596847534180e+00,8.435091600909712497e+02,8.518125996884408551e+02,8.499077808996401018e+02,8.499077808996401018e+02,6.676127835152529499e+00
1.993417501449584961e+00,8.435091600909712497e+02,8.518337052956590014e+02,8.499061796659509582e+02,8.499061796659509582e+02,6.681108777430207368e+00
2.003424644470214844e+00,8.435091600909712497e+02,8.518548114057267640e+02,8.499045578328180000e+02,8.499045578328180000e+02,6.686149959061784998e+00
2.013431787490844727e+00,8.435091600909712497e+02,8.518548922720489145e+02,8.499029152646505736e+02,8.499029152646505736e+02,6.685081858763055607e+00
2.023438930511474609e+00,8.435091600909712497e+02,8.518549731383710650e+02,8.499012517872313310e+02,8.499012517872313310e+02,6.684000551413528335e+00
2.033445835113525391e+00,8.435091600909712497e+02,8.518550540027665647e+02,8.498995672660091714e+02,8.498995672660091714e+02,6.682905972734483058e+00
2.043452978134155273e+00,8.435091600909712497e+02,8.518551348690887153e+02,8.498978614450604709e+02,8.498978614450604709e+02,6.681797980195802289e+00
2.053460359573364258e+00,8.435091600909712497e+02,8.518552157373374030e+02,8.498961341464803354e+02,8.498961341464803354e+02,6.680676482616205725e+00
2.063467264175415039e+00,8.435091600909712497e+02,8.518552966017329027e+02,8.498943853173943808e+02,8.498943853173943808e+02,6.679541470579883899e+00
2.073474407196044922e+00,8.435091600909712497e+02,8.518553774680550532e+02,8.498926146557577113e+02,8.498926146557577113e+02,6.678392773566891982e+00
2.083481311798095703e+00,8.435091600909712497e+02,8.518554583324505529e+02,8.498908220674107952e+02,8.498908220674107952e+02,6.677230356625691421e+00
2.093488693237304688e+00,8.435091600909712497e+02,8.518554583324505529e+02,8.498890072441761276e+02,8.498890072441761276e+02,6.676030226177234184e+00
2.103495836257934570e+00,8.435091600909712497e+02,8.518554583324505529e+02,8.498871701349897876e+02,8.498871701349897876e+02,6.674816143525205803e+00
2.113502979278564453e+00,8.435091600909712497e+02,8.518554583324505529e+02,8.498853105161783787e+02,8.498853105161783787e+02,6.673587990191713892e+00
2.123509883880615234e+00,8.435091600909712497e+02,8.518554583324505529e+02,8.498834282514378629e+02,8.498834282514378629e+02,6.672345706118451680e+00
2.133533239364624023e+00,8.435091600909712497e+02,8.518554583324505529e+02,8.498815199637165279e+02,8.498815199637165279e+02,6.671087095169314196e+00
2.143541574478149414e+00,8.435091600909712497e+02,8.518140498433704124e+02,8.498795914565857856e+02,8.498795914565857856e+02,6.657666635857255599e+00
2.153547286987304688e+00,8.435091600909712497e+02,8.517726522050544418e+02,8.498776402184730614e+02,8.498776402184730614e+02,6.644442005441284493e+00
2.164538621902465820e+00,8.435091600909712497e+02,8.517271766522628695e+02,8.498754697734743786e+02,8.498754697734743786e+02,6.630137052767890893e+00
2.174562931060791016e+00,8.435091600909712497e+02,8.516857020721643039e+02,8.498734654399302144e+02,8.498734654399302144e+02,6.617294325175421932e+00
2.184569835662841797e+00,8.435091600909712497e+02,8.516442995016827808e+02,8.498714407532993391e+02,8.498714407532993391e+02,6.604668301130168118e+00
2.194576501846313477e+00,8.435091600909712497e+02,8.516028979176343228e+02,8.498693921167641747e+02,8.498693921167641747e+02,6.592237388290293154e+00
2.204583644866943359e+00,8.435091600909712497e+02,8.515407925822623838e+02,8.498673191957891504e+02,8.498673191957891504e+02,6.574701542839260782e+00
2.215575218200683594e+00,8.435091600909712497e+02,8.514725777734253143e+02,8.498650142586077436e+02,8.498650142586077436e+02,6.556000507507211417e+00
2.225582361221313477e+00,8.435091600909712497e+02,8.514104724380533753e+02,8.498628899715495209e+02,8.498628899715495209e+02,6.539487356512230676e+00
2.235589504241943359e+00,8.435091600909712497e+02,8.513483671026814363e+02,8.498607409123442267e+02,8.498607409123442267e+02,6.523466150185055490e+00
2.245596408843994141e+00,8.435091600909712497e+02,8.512862632469591517e+02,8.498585669428819074e+02,8.498585669428819074e+02,6.507940081759037376e+00
2.255603551864624023e+00,8.435091600909712497e+02,8.512241579115872128e+02,8.498563677686505571e+02,8.498563677686505571e+02,6.492911148222022533e+00
2.265610456466674805e+00,8.435091600909712497e+02,8.511620540558649282e+02,8.498541433028060510e+02,8.498541433028060510e+02,6.478382706851495421e+00
2.275617837905883789e+00,8.435091600909712497e+02,8.510999472408433348e+02,8.498518931930782401e+02,8.498518931930782401e+02,6.464356279685286033e+00
2.285624980926513672e+00,8.435091600909712497e+02,8.510378419054713959e+02,8.498496174062906903e+02,8.498496174062906903e+02,6.450835327912273875e+00
2.295631885528564453e+00,8.435091600909712497e+02,8.509757380497491113e+02,8.498473157504872688e+02,8.498473157504872688e+02,6.437822151141356919e+00
2.305639028549194336e+00,8.435091600909712497e+02,8.509136327143771723e+02,8.498449879214738303e+02,8.498449879214738303e+02,6.425318357184370832e+00
2.315646171569824219e+00,8.435091600909712497e+02,8.508515273790052333e+02,8.498426337785376745e+02,8.498426337785376745e+02,6.413326379357332740e+00
2.325653314590454102e+00,8.435091600909712497e+02,8.507894220436332944e+02,8.498402531257181636e+02,8.498402531257181636e+02,6.401848221362098634e+00
2.335660696029663086e+00,8.435091600909712497e+02,8.507273152286117011e+02,8.498378457086608933e+02,8.498378457086608933e+02,6.390885515675685191e+00
2.345683813095092773e+00,8.435091600909712497e+02,8.506651107567122381e+02,8.498354075373313208e+02,8.498354075373313208e+02,6.380424295047186334e+00
2.355690717697143555e+00,8.435091600909712497e+02,8.506030069009899535e+02,8.498329461868041790e+02,8.498329461868041790e+02,6.370499516472958312e+00
2.365699291229248047e+00,8.435091600909712497e+02,8.505408926877199747e+02,8.498304571190024035e+02,8.498304571190024035e+02,6.361093837846959254e+00
2.375706672668457031e+00,8.435091600909712497e+02,8.504787858726983814e+02,8.498279408439041163e+02,8.498279408439041163e+02,6.352211383065038852e+00
2.385713100433349609e+00,8.435091600909712497e+02,8.504166849762754055e+02,8.498253971101423758e+02,8.498253971101423758e+02,6.343853042353984506e+00
2.395720005035400391e+00,8.435091600909712497e+02,8.503545811205531209e+02,8.498228253550703357e+02,8.498228253550703357e+02,6.336018723237453187e+00
2.405726194381713867e+00,8.435091600909712497e+02,8.502924817037797993e+02,8.498202256843803752e+02,8.498202256843803752e+02,6.328710348259861895e+00
2.415733575820922852e+00,8.435091600909712497e+02,8.502303748887582060e+02,8.498175973980980871e+02,8.498175973980980871e+02,6.321927436687751367e+00
2.426741123199462891e+00,8.435091600909712497e+02,8.501620609433936124e+02,8.498146734983528177e+02,8.498146734983528177e+02,6.315075404747015675e+00
2.436748027801513672e+00,8.435091600909712497e+02,8.500999570876713278e+02,8.498119852344703986e+02,8.498119852344703986e+02,6.309400334244217312e+00
2.447757959365844727e+00,8.435091600909712497e+02,8.500316283458100770e+02,8.498089940756287888e+02,8.498089940756287888e+02,6.303766671800697274e+00
2.457763433456420898e+00,8.435091600909712497e+02,8.499695333679858322e+02,8.498062451952375795e+02,8.498062451952375795e+02,6.299201841323418982e+00
2.467771768569946289e+00,8.435091600909712497e+02,8.499074206343656215e+02,8.498034661555482216e+02,8.498034661555482216e+02,6.295164443303816526e+00
2.477778673171997070e+00,8.435091600909712497e+02,8.498453167786433369e+02,8.498006579350154652e+02,8.498006579350154652e+02,6.291656342643579869e+00
2.487784624099731445e+00,8.435091600909712497e+02,8.497832188415196697e+02,8.497978202028293708e+02,8.497978202028293708e+02,6.288677062962248598e+00
2.498776435852050781e+00,8.435091600909712497e+02,8.497150025530329458e+02,8.497946683048726300e+02,8.497946683048726300e+02,6.286013055907369029e+00
2.508783102035522461e+00,8.435091600909712497e+02,8.496529001769603155e+02,8.497917671966458784e+02,8.497917671966458784e+02,6.284141635373098111e+00
2.518809080123901367e+00,8.435091600909712497e+02,8.495906779492648866e+02,8.497888299714359164e+02,8.497888299714359164e+02,6.282795399462375308e+00
2.528814792633056641e+00,8.435091600909712497e+02,8.495285814917909875e+02,8.497858680174501842e+02,8.497858680174501842e+02,6.281978888105981262e+00
2.538820743560791016e+00,8.435091600909712497e+02,8.494664835546673203e+02,8.497828751456739838e+02,8.497828751456739838e+02,6.281688007730362955e+00
2.548830032348632812e+00,8.435091600909712497e+02,8.494043649024483784e+02,8.497798502004557122e+02,8.497798502004557122e+02,6.281921971674426786e+00
2.558835744857788086e+00,8.435091600909712497e+02,8.493422684449744793e+02,8.497767950597732352e+02,8.497767950597732352e+02,6.282679482602779863e+00
2.568841934204101562e+00,8.435091600909712497e+02,8.492801690282011577e+02,8.497737082872048404e+02,8.497737082872048404e+02,6.283959349256759808e+00
2.578850030899047852e+00,8.435091600909712497e+02,8.492180577742306014e+02,8.497705892160505527e+02,8.497705892160505527e+02,6.285760549256629304e+00
2.588856220245361328e+00,8.435091600909712497e+02,8.491973579686394942e+02,8.497674388203463423e+02,8.497674388203463423e+02,6.284190069693271319e+00
2.598864793777465820e+00,8.435091600909712497e+02,8.491766532308828346e+02,8.497642555310194439e+02,8.497642555310194439e+02,6.282634433678084385e+00
2.608871936798095703e+00,8.435091600909712497e+02,8.491559514524254837e+02,8.497610403404499948e+02,8.497610403404499948e+02,6.281093791389613656e+00
2.618878602981567383e+00,8.435091600909712497e+02,8.491559514524254837e+02,8.497577927344780164e+02,8.497577927344780164e+02,6.277549111100684698e+00
2.628885269165039062e+00,8.435091600909712497e+02,8.491559514524254837e+02,8.497545123429738396e+02,8.497545123429738396e+02,6.273970026330048633e+00
2.638893842697143555e+00,8.435091600909712497e+02,8.491560323303073119e+02,8.497511983128016482e+02,8.497511983128016482e+02,6.270347973558568988e+00
2.648900508880615234e+00,8.435091600909712497e+02,8.491561131927761608e+02,8.497478516879118615e+02,8.497478516879118615e+02,6.266691893524274803e+00
2.658906698226928711e+00,8.435091600909712497e+02,8.491561940513917079e+02,8.497444717819129210e+02,8.497444717819129210e+02,6.263001083459995399e+00
2.668914318084716797e+00,8.435091600909712497e+02,8.491562749215670465e+02,8.497410577251584982e+02,8.497410577251584982e+02,6.259274642509697451e+00
2.678921937942504883e+00,8.435091600909712497e+02,8.491563557917423850e+02,8.497376097771041259e+02,8.497376097771041259e+02,6.255512903686446080e+00
2.688927412033081055e+00,8.435091600909712497e+02,8.491564366445780934e+02,8.497341284659567009e+02,8.497341284659567009e+02,6.251716493096655114e+00
2.698934316635131836e+00,8.435092409553667494e+02,8.491565175089735931e+02,8.497306123283260604e+02,8.497306123283260604e+02,6.247803343726894276e+00
2.708942174911499023e+00,8.435093218274687388e+02,8.491565983810755824e+02,8.497270612960091967e+02,8.497270612960091967e+02,6.243853940953482784e+00
2.718950510025024414e+00,8.435094027034240298e+02,8.491566792570308735e+02,8.497234753065440600e+02,8.497234753065440600e+02,6.239868274137740478e+00
2.728955984115600586e+00,8.435094835562597382e+02,8.491567601098665818e+02,8.497198553434554924e+02,8.497198553434554924e+02,6.235847494710525574e+00
2.738964796066284180e+00,8.435095644360682172e+02,8.491568409896750609e+02,8.497161989358313576e+02,8.497161989358313576e+02,6.231788918567302993e+00
2.748970985412597656e+00,8.435096452946837644e+02,8.491569218482906081e+02,8.497125080310497651e+02,8.497125080310497651e+02,6.227694768746362186e+00
2.758977174758911133e+00,8.435097261532993116e+02,8.491570027069061553e+02,8.497087814486628758e+02,8.497087814486628758e+02,6.223563796959879824e+00
2.768985748291015625e+00,8.435098070311811398e+02,8.491570835847879835e+02,8.497050180601784177e+02,8.497050180601784177e+02,6.219394816469758780e+00
2.778991460800170898e+00,8.435098878859434990e+02,8.491571644395503426e+02,8.497012196120035696e+02,8.497012196120035696e+02,6.215189825965984127e+00
2.789000272750854492e+00,8.435099687657519780e+02,8.491572453193588217e+02,8.496973836108325031e+02,8.496973836108325031e+02,6.210946130746825666e+00
2.799008369445800781e+00,8.435100496397806182e+02,8.491573261933874619e+02,8.496935112757188335e+02,8.496935112757188335e+02,6.206665146891236162e+00
2.809014320373535156e+00,8.435101304964696283e+02,8.491574070500764719e+02,8.496896029452382209e+02,8.496896029452382209e+02,6.202347315002371353e+00
2.819020748138427734e+00,8.435312350979883149e+02,8.491574879106186700e+02,8.496856573729091906e+02,8.496856573729091906e+02,6.177044319003912598e+00
2.829028844833374023e+00,8.435523432194548832e+02,8.491575687846473102e+02,8.496816738446818817e+02,8.496816738446818817e+02,6.151697328973479095e+00
2.839033603668212891e+00,8.435734443010258019e+02,8.491576496317031797e+02,8.496776541300478129e+02,8.496776541300478129e+02,6.126318822508960871e+00
2.849041700363159180e+00,8.435945524224923702e+02,8.491577305057318199e+02,8.496735953133347721e+02,8.496735953133347721e+02,6.100891653555632566e+00
2.859048604965209961e+00,8.436156580297105165e+02,8.491578113701273196e+02,8.496694989853331208e+02,8.496694989853331208e+02,6.075427106922492548e+00
2.869055032730102539e+00,8.436367626312292032e+02,8.491578922306695176e+02,8.496653646278566612e+02,8.496653646278566612e+02,6.049923162127551990e+00
2.879062175750732422e+00,8.436578687412969657e+02,8.491578922306695176e+02,8.496611915113735449e+02,8.496611915113735449e+02,6.024383325094538222e+00
2.889069080352783203e+00,8.436789743485151121e+02,8.491578922306695176e+02,8.496569797944857783e+02,8.496569797944857783e+02,5.998803006301423046e+00
2.899077892303466797e+00,8.437000839785307562e+02,8.491578922306695176e+02,8.496527283272558861e+02,8.496527283272558861e+02,5.973176500396925270e+00
2.909084796905517578e+00,8.437211895857489026e+02,8.491578922306695176e+02,8.496484384922503068e+02,8.496484384922503068e+02,5.947513365632143056e+00
2.919092178344726562e+00,8.437422961986663950e+02,8.491578922306695176e+02,8.496441090372744611e+02,8.496441090372744611e+02,5.921807288740837727e+00
2.929099321365356445e+00,8.437634023087341575e+02,8.491579730969916682e+02,8.496397400311341244e+02,8.496397400311341244e+02,5.896053290679609482e+00
2.939104557037353516e+00,8.437845043960044222e+02,8.491580539479007257e+02,8.496353319753648066e+02,8.496353319753648066e+02,5.870262147375030715e+00
2.949112415313720703e+00,8.438056120146212606e+02,8.491581348200027151e+02,8.496308826292615777e+02,8.496308826292615777e+02,5.844421975264194380e+00
2.959120750427246094e+00,8.438267206389375588e+02,8.491582156959580061e+02,8.496263926867375176e+02,8.496263926867375176e+02,5.818538094463894694e+00
2.969126224517822266e+00,8.438478232290575534e+02,8.491582965487937145e+02,8.496218634176173055e+02,8.496218634176173055e+02,5.792618953545455085e+00
2.979134559631347656e+00,8.438689318533738515e+02,8.491583774247490055e+02,8.496172919888263095e+02,8.496172919888263095e+02,5.766649531918968563e+00
2.989141941070556641e+00,8.438900384662913439e+02,8.491584582929976932e+02,8.496126798875607165e+02,8.496126798875607165e+02,5.740639519547914738e+00
2.999149322509765625e+00,8.439111450792088363e+02,8.491585391612463809e+02,8.496080264359272860e+02,8.496080264359272860e+02,5.714586249469537194e+00
3.009156227111816406e+00,8.439322506864269826e+02,8.491586200256418806e+02,8.496033316136768008e+02,8.496033316136768008e+02,5.688490773478426910e+00
3.019161701202392578e+00,8.439533532765469772e+02,8.491587008784775890e+02,8.495985956345493832e+02,8.495985956345493832e+02,5.662355400096679148e+00
3.029168605804443359e+00,8.439744588837651236e+02,8.491587817428730887e+02,8.495938168979915872e+02,8.495938168979915872e+02,5.636172467041809853e+00
3.039175748825073242e+00,8.439955649938328861e+02,8.491588626091952392e+02,8.495889957156902028e+02,8.495889957156902028e+02,5.609944895408534471e+00
3.049183845520019531e+00,8.440166731152994544e+02,8.491589434832238794e+02,8.495841314876525985e+02,8.495841314876525985e+02,5.583670617702587435e+00
3.059190988540649414e+00,8.440377792253672169e+02,8.491590243495460300e+02,8.495792248923773968e+02,8.495792248923773968e+02,5.557354458429088595e+00
3.069197416305541992e+00,8.440588838268859035e+02,8.491591052100882280e+02,8.495742755744819306e+02,8.495742755744819306e+02,5.530995621126558071e+00
3.079205513000488281e+00,8.440799919483524718e+02,8.491591860841168682e+02,8.495692820985914295e+02,8.495692820985914295e+02,5.504587640740981058e+00
3.089212417602539062e+00,8.441010975555706182e+02,8.491592669485123679e+02,8.495642456384451862e+02,8.495642456384451862e+02,5.478137887523073957e+00
3.099220752716064453e+00,8.441222061798869163e+02,8.491593478244676589e+02,8.495591646211114494e+02,8.495591646211114494e+02,5.451639254617019148e+00
3.109226465225219727e+00,8.441433092728565271e+02,8.491594286792300181e+02,8.495540408600681985e+02,8.495540408600681985e+02,5.425102310751015011e+00
3.119236230850219727e+00,8.441644209142709769e+02,8.491595095667449868e+02,8.495488706744442879e+02,8.495488706744442879e+02,5.398509173097629343e+00
3.129243135452270508e+00,8.441855265214891233e+02,8.491595904311404865e+02,8.495436573740323638e+02,8.495436573740323638e+02,5.371878037483544865e+00
3.139248371124267578e+00,8.442066286087593880e+02,8.491596712820495441e+02,8.495384001139188967e+02,8.495384001139188967e+02,5.345205600472260343e+00
3.149257898330688477e+00,8.442277397473241081e+02,8.491597521676378619e+02,8.495330954895464401e+02,8.495330954895464401e+02,5.318475795521232286e+00
3.159261226654052734e+00,8.442488378117968750e+02,8.491598330031339401e+02,8.495277488177846408e+02,8.495277488177846408e+02,5.291716494277528327e+00
3.169269084930419922e+00,8.442699454304137134e+02,8.491599138752359295e+02,8.495223541192035555e+02,8.495223541192035555e+02,5.264898856058143117e+00
3.179275512695312500e+00,8.442910500319324001e+02,8.491599947357781275e+02,8.495169143285665996e+02,8.495169143285665996e+02,5.238038682804122992e+00
3.189282655715942383e+00,8.443121561420001626e+02,8.491600756021002780e+02,8.495114280265179332e+02,8.495114280265179332e+02,5.211130074684485969e+00
3.199295043945312500e+00,8.443332733147611862e+02,8.491601565108081786e+02,8.495058924296131408e+02,8.495058924296131408e+02,5.184160668120127546e+00
3.209297657012939453e+00,8.443543698706848772e+02,8.491602373405244180e+02,8.495003156146290166e+02,8.495003156146290166e+02,5.157170816652747014e+00
3.219304084777832031e+00,8.443754744722035639e+02,8.491603182010666160e+02,8.494946897865740993e+02,8.494946897865740993e+02,5.130123759918527426e+00
3.229311704635620117e+00,8.443965815879707861e+02,8.491603990712419545e+02,8.494890161241428359e+02,8.494890161241428359e+02,5.103026422884276769e+00
3.239319801330566406e+00,8.444176897094373544e+02,8.491604799452705947e+02,8.494832947596499935e+02,8.494832947596499935e+02,5.075880606271447881e+00
3.249326229095458984e+00,8.444387943109560410e+02,8.491605608058127928e+02,8.494775266662054491e+02,8.494775266662054491e+02,5.048692019176026058e+00
3.259333848953247070e+00,8.444599014267232633e+02,8.491606416759881313e+02,8.494717099352337755e+02,8.494717099352337755e+02,5.021452776626349923e+00
3.269340515136718750e+00,8.444810065310916798e+02,8.491607225384569801e+02,8.494658455487497122e+02,8.494658455487497122e+02,4.994168607824128969e+00
3.279346466064453125e+00,8.445021101269110204e+02,8.491608033951459902e+02,8.494599331149665886e+02,8.494599331149665886e+02,4.966838770301708728e+00
3.289354562759399414e+00,8.445232182483775887e+02,8.491608842691746304e+02,8.494539706680217250e+02,8.494539706680217250e+02,4.939455340522441062e+00
3.299361228942871094e+00,8.445443233527460052e+02,8.491609651316434793e+02,8.494479600677057078e+02,8.494479600677057078e+02,4.912028005378852313e+00
3.309369087219238281e+00,8.445654309713628436e+02,8.491610460037454686e+02,8.494418994741245115e+02,8.494418994741245115e+02,4.884549491022746714e+00
3.319376230239868164e+00,8.445865370814306061e+02,8.491611268700676192e+02,8.494357897717731021e+02,8.494357897717731021e+02,4.857024949942836400e+00
3.329381704330444336e+00,8.446076396715506007e+02,8.491612077229033275e+02,8.494296312929398027e+02,8.494296312929398027e+02,4.829456947701138425e+00
3.339390754699707031e+00,8.446287498044159747e+02,8.491612886046384574e+02,8.494234205263923059e+02,8.494234205263923059e+02,4.801830950437489420e+00
3.349396228790283203e+00,8.446498523945359693e+02,8.491613694574741658e+02,8.494171616412925232e+02,8.494171616412925232e+02,4.774166638850502409e+00
3.359404087066650391e+00,8.446709600131528077e+02,8.491614503295761551e+02,8.494108506482034500e+02,8.494108506482034500e+02,4.746447487455451864e+00
3.369410037994384766e+00,8.446920636089721484e+02,8.491615311862651652e+02,8.494044899792402248e+02,8.494044899792402248e+02,4.718685332831789481e+00
3.379419088363647461e+00,8.447131737418375224e+02,8.491616120680002950e+02,8.493980761711829928e+02,8.493980761711829928e+02,4.690866236057162020e+00
3.389424085617065430e+00,8.447342753262580572e+02,8.491616929169827017e+02,8.493916135427803056e+02,8.493916135427803056e+02,4.663010053307391267e+00
3.399431705474853516e+00,8.447553824420252795e+02,8.491617737871580402e+02,8.493850975202395830e+02,8.493850975202395830e+02,4.635098186144750443e+00
3.409439802169799805e+00,8.447764905634918478e+02,8.491618546611866805e+02,8.493785292032018788e+02,8.493785292032018788e+02,4.607136583447646316e+00
3.419447183609008789e+00,8.447975971764093401e+02,8.491619355294353682e+02,8.493719091017253504e+02,8.493719091017253504e+02,4.579128573336687325e+00
3.429453134536743164e+00,8.448187007722286808e+02,8.491620163861243782e+02,8.493652374309765491e+02,8.493652374309765491e+02,4.551076178488889568e+00
3.439460515975952148e+00,8.448398073851461731e+02,8.491831229990418706e+02,8.493585120077730153e+02,8.493585120077730153e+02,4.522107116260392523e+00
3.449468135833740234e+00,8.448609145009133954e+02,8.492042301148090928e+02,8.493517333437689558e+02,8.493517333437689558e+02,4.493240599155596371e+00
3.459475994110107422e+00,8.448820221195302338e+02,8.492253377334259312e+02,8.493449011581523109e+02,8.493449011581523109e+02,4.464480342201611052e+00
3.469481945037841797e+00,8.449031257153495744e+02,8.492464413292452718e+02,8.493380166515084966e+02,8.493380166515084966e+02,4.435836297167894848e+00
3.479489088058471680e+00,8.449242318254173369e+02,8.492675474393130344e+02,8.493310774186782055e+02,8.493310774186782055e+02,4.407303500000979035e+00
3.489495277404785156e+00,8.449453359240864074e+02,8.492886515379821049e+02,8.493240846666348034e+02,8.493240846666348034e+02,4.378892103828921023e+00
3.499502420425415039e+00,8.449664420341541700e+02,8.493097576480498674e+02,8.493170367826603524e+02,8.493170367826603524e+02,4.350600837991259517e+00
3.509511232376098633e+00,8.449875516641698141e+02,8.493308672780655115e+02,8.493099329610097357e+02,8.493099329610097357e+02,4.322431991472179824e+00
3.519516706466674805e+00,8.450086542542898087e+02,8.493519698681855061e+02,8.493027764878088419e+02,8.493027764878088419e+02,4.294404003476544496e+00
3.529523849487304688e+00,8.450297603643575712e+02,8.493730759782532687e+02,8.492955635137843728e+02,8.492955635137843728e+02,4.266507317678907008e+00
3.539530754089355469e+00,8.450508659715757176e+02,8.493941815854714150e+02,8.492882951192527798e+02,8.492882951192527798e+02,4.238751906553558157e+00
3.549538135528564453e+00,8.450719725844932100e+02,8.494152881983889074e+02,8.492809704993599098e+02,8.492809704993599098e+02,4.211140545223428511e+00
3.559546947479248047e+00,8.450930822145088541e+02,8.494363978284045515e+02,8.492735886559737537e+02,8.492735886559737537e+02,4.183675529215562072e+00
3.569552421569824219e+00,8.450931630673445625e+02,8.494575004185245461e+02,8.492661528372764224e+02,8.492661528372764224e+02,4.177374476487051069e+00
3.579559564590454102e+00,8.450932439336667130e+02,8.494786065285923087e+02,8.492586590510254609e+02,8.492586590510254609e+02,4.171218046663205392e+00
3.589571475982666016e+00,8.450933248385213119e+02,8.494997226956538725e+02,8.492511046350704191e+02,8.492511046350704191e+02,4.165206330620395470e+00
3.599573850631713867e+00,8.450934056663109004e+02,8.495208187487278337e+02,8.492435001372439274e+02,8.492435001372439274e+02,4.159349676324922918e+00
3.610566139221191406e+00,8.450934056663109004e+02,8.495440026337175823e+02,8.492350766662575552e+02,8.492350766662575552e+02,4.153176365767559552e+00
3.620589256286621094e+00,8.450934056663109004e+02,8.495651424347146303e+02,8.492273349852700903e+02,8.492273349852700903e+02,4.147708462157220666e+00
3.630596637725830078e+00,8.450934056663109004e+02,8.495862490476321227e+02,8.492195472109862067e+02,8.492195472109862067e+02,4.142404408516267900e+00
3.640604734420776367e+00,8.450934056663109004e+02,8.496073571690986910e+02,8.492117003824007497e+02,8.492117003824007497e+02,4.137257021437478421e+00
3.650609970092773438e+00,8.450934056663109004e+02,8.496284592563689557e+02,8.492037970318938278e+02,8.492037970318938278e+02,4.132269979461028697e+00
3.660617113113403320e+00,8.450934056663109004e+02,8.496495653664367183e+02,8.491958331100781834e+02,8.491958331100781834e+02,4.127442778747535179e+00
3.670624971389770508e+00,8.450934056663109004e+02,8.496706729850535567e+02,8.491878092505160112e+02,8.491878092505160112e+02,4.122777958668548237e+00
3.680631160736083984e+00,8.450934056663109004e+02,8.496917770837226271e+02,8.491797270806634970e+02,8.491797270806634970e+02,4.118278512561949434e+00
3.691638946533203125e+00,8.450934056663109004e+02,8.497149936539423152e+02,8.491707666567727983e+02,8.491707666567727983e+02,4.113521079438949180e+00
3.701645851135253906e+00,8.450934056663109004e+02,8.497360992611604615e+02,8.491625576856829412e+02,8.491625576856829412e+02,4.109373199839701840e+00
3.711653709411621094e+00,8.450934056663109004e+02,8.497572068797772999e+02,8.491542873602054442e+02,8.491542873602054442e+02,4.105395483858841565e+00
3.721661090850830078e+00,8.450934056663109004e+02,8.497783134926947923e+02,8.491459565626440735e+02,8.491459565626440735e+02,4.101590429864246268e+00
3.731667757034301758e+00,8.450934056663109004e+02,8.497994185970632088e+02,8.491375652061678920e+02,8.491375652061678920e+02,4.097960016258815230e+00
3.741676330566406250e+00,8.450934056663109004e+02,8.498205277242291231e+02,8.491291107836262881e+02,8.491291107836262881e+02,4.094505242355685581e+00
3.751682281494140625e+00,8.450934056663109004e+02,8.498416313200484637e+02,8.491205968305721399e+02,8.491205968305721399e+02,4.091229571720240266e+00
3.761689662933349609e+00,8.450934056663109004e+02,8.498627379329659561e+02,8.491120196109835661e+02,8.491120196109835661e+02,4.088133563776708890e+00
3.771697044372558594e+00,8.450934056663109004e+02,8.498838445458834485e+02,8.491033800386134089e+02,8.491033800386134089e+02,4.085219616328008563e+00
3.781703948974609375e+00,8.450934056663109004e+02,8.499049501531015949e+02,8.490946782298708513e+02,8.490946782298708513e+02,4.082489769426699944e+00
3.791711807250976562e+00,8.450934056663109004e+02,8.499260577717184333e+02,8.490859126358789126e+02,8.490859126358789126e+02,4.079945557397054223e+00
3.801717996597290039e+00,8.450934056663109004e+02,8.499471618703875038e+02,8.490770852593648215e+02,8.490770852593648215e+02,4.077589534168804875e+00
3.811725378036499023e+00,8.450934056663109004e+02,8.499682684833049962e+02,8.490681932790573683e+02,8.490681932790573683e+02,4.075422915446220706e+00
3.821731090545654297e+00,8.450934056663109004e+02,8.499893715762746069e+02,8.490592389391929373e+02,8.490592389391929373e+02,4.073448204023558006e+00
3.831739664077758789e+00,8.450934056663109004e+02,8.500104807034405212e+02,8.490502178711263923e+02,8.490502178711263923e+02,4.071666431732932523e+00
3.841747283935546875e+00,8.450934056663109004e+02,8.500315878192077435e+02,8.490411331908492230e+02,8.490411331908492230e+02,4.070080217739484141e+00
3.851754188537597656e+00,8.450934056663109004e+02,8.500526934264258898e+02,8.490319843934080382e+02,8.490319843934080382e+02,4.068691352219573787e+00
3.861760616302490234e+00,8.450934056663109004e+02,8.500737980279445765e+02,8.490227709671048615e+02,8.490227709671048615e+02,4.067501634873793570e+00
3.871766567230224609e+00,8.450934056663109004e+02,8.500949016237639171e+02,8.490134926152879871e+02,8.490134926152879871e+02,4.066512895731842825e+00
3.881773710250854492e+00,8.450934056663109004e+02,8.501160077338316796e+02,8.490041474766728697e+02,8.490041474766728697e+02,4.065726840155702071e+00
3.891780614852905273e+00,8.450934056663109004e+02,8.501371133410498260e+02,8.489947365703307014e+02,8.489947365703307014e+02,4.065145447451863348e+00
3.901787996292114258e+00,8.450934056663109004e+02,8.501582199539673184e+02,8.489852589130941851e+02,8.489852589130941851e+02,4.064770509869379822e+00
3.911797046661376953e+00,8.450934056663109004e+02,8.501793300868326924e+02,8.489757130456875984e+02,8.489757130456875984e+02,4.064603863809809425e+00
3.921802043914794922e+00,8.450934056663109004e+02,8.502004316712532273e+02,8.489661041396876726e+02,8.489661041396876726e+02,4.064647330442765494e+00
3.931810855865478516e+00,8.450934056663109004e+02,8.502215413012688714e+02,8.489564243308468576e+02,8.489564243308468576e+02,4.064902723485882774e+00
3.941817998886108398e+00,8.450934056663109004e+02,8.502426474113366339e+02,8.489466785899446677e+02,8.489466785899446677e+02,4.065371743153288087e+00
3.951823472976684570e+00,8.450934056663109004e+02,8.502637500014566285e+02,8.489368666392010709e+02,8.489368666392010709e+02,4.066056038369425529e+00
3.961831569671630859e+00,8.450934056663109004e+02,8.502848581229231968e+02,8.489269839480272140e+02,8.489269839480272140e+02,4.066957673359343772e+00
3.971837759017944336e+00,8.450934056663109004e+02,8.503059622215922673e+02,8.489170346693032343e+02,8.489170346693032343e+02,4.068077985736231916e+00
3.981845140457153320e+00,8.450934056663109004e+02,8.503270688345097597e+02,8.489070154148087113e+02,8.489070154148087113e+02,4.069419003818872227e+00
3.991852760314941406e+00,8.450934056663109004e+02,8.503481759502769819e+02,8.488969268101258194e+02,8.488969268101258194e+02,4.070982333324064228e+00
4.001860857009887695e+00,8.450934056663109004e+02,8.503692840717435502e+02,8.488867682922780205e+02,8.488867682922780205e+02,4.072769702358390198e+00
4.011867523193359375e+00,8.450934056663109004e+02,8.503903891761119667e+02,8.488765414913543736e+02,8.488765414913543736e+02,4.074782384787350331e+00
4.021874189376831055e+00,8.450934056663109004e+02,8.504114942804803832e+02,8.488662446438099778e+02,8.488662446438099778e+02,4.077022245434320347e+00
4.031880140304565430e+00,8.450934056663109004e+02,8.504325978762997238e+02,8.488558781759929843e+02,8.488558781759929843e+02,4.079490703439434540e+00
4.041889429092407227e+00,8.450934056663109004e+02,8.504537085120147140e+02,8.488454375430560503e+02,8.488454375430560503e+02,4.082190430847998819e+00
4.051896333694458008e+00,8.450934056663109004e+02,8.504748141192328603e+02,8.488349283848544928e+02,8.488349283848544928e+02,4.085121476185929801e+00
4.061902999877929688e+00,8.450934056663109004e+02,8.504959192236012768e+02,8.488243481565086768e+02,8.488243481565086768e+02,4.088285911907859393e+00
4.071910619735717773e+00,8.450934056663109004e+02,8.505170263393684991e+02,8.488136952698988580e+02,8.488136952698988580e+02,4.091685651022721970e+00
4.081916809082031250e+00,8.450934056663109004e+02,8.505381304380375695e+02,8.488029719473694286e+02,8.488029719473694286e+02,4.095321352629625267e+00
4.091925382614135742e+00,8.450934056663109004e+02,8.505592395652034838e+02,8.487921737690419377e+02,8.487921737690419377e+02,4.099195897458987936e+00
4.102932453155517578e+00,8.450934056663109004e+02,8.505824546268740960e+02,8.487802144449547086e+02,8.487802144449547086e+02,4.103733500558957914e+00
4.112937927246093750e+00,8.450934056663109004e+02,8.506035572169940906e+02,8.487692667871115191e+02,8.487692667871115191e+02,4.108111045306877429e+00
4.122945070266723633e+00,8.450934056663109004e+02,8.506246633270618531e+02,8.487582440197726328e+02,8.487582440197726328e+02,4.112731596837566173e+00
4.132953643798828125e+00,8.450934056663109004e+02,8.506457724542277674e+02,8.487471460471467708e+02,8.487471460471467708e+02,4.117596508184834470e+00
4.142961025238037109e+00,8.450934056663109004e+02,8.506668790671452598e+02,8.487359754496280857e+02,8.487359754496280857e+02,4.122705835549792752e+00
4.152966499328613281e+00,8.450934056663109004e+02,8.506879816572652544e+02,8.487247327343558254e+02,8.487247327343558254e+02,4.128060393020041907e+00
4.162974596023559570e+00,8.450934056663109004e+02,8.507090897787318227e+02,8.487134124768632546e+02,8.487134124768632546e+02,4.133663895582082581e+00
4.172981500625610352e+00,8.450934056663109004e+02,8.507090897787318227e+02,8.487020186489303342e+02,8.487020186489303342e+02,4.129215685625073462e+00
4.182988882064819336e+00,8.450934056663109004e+02,8.507090897787318227e+02,8.486905490305628064e+02,8.486905490305628064e+02,4.124796617410396493e+00
4.192995786666870117e+00,8.450934056663109004e+02,8.506883884934910611e+02,8.486790043863267101e+02,8.486790043863267101e+02,4.110248492622275762e+00
4.203003168106079102e+00,8.450934056663109004e+02,8.506676862218172346e+02,8.486673832868278851e+02,8.486673832868278851e+02,4.095671845214561735e+00
4.213010549545288086e+00,8.450934056663109004e+02,8.506469839501434080e+02,8.486556859504964905e+02,8.486556859504964905e+02,4.081067084292438807e+00
4.223017692565917969e+00,8.450934056663109004e+02,8.506055803932288200e+02,8.486439123281788852e+02,8.486439123281788852e+02,4.056382520597101582e+00
4.233023405075073242e+00,8.450934056663109004e+02,8.505641827549128493e+02,8.486320635103916175e+02,8.486320635103916175e+02,4.031771832894724739e+00
4.243031978607177734e+00,8.450934056663109004e+02,8.505227732793995301e+02,8.486201340666041233e+02,8.486201340666041233e+02,4.007224623539529240e+00
4.253038883209228516e+00,8.450934056663109004e+02,8.504813707089180070e+02,8.486081290497297687e+02,8.486081290497297687e+02,3.982752160964786903e+00
4.264046430587768555e+00,8.450934056663109004e+02,8.504358280786749447e+02,8.485948336141191248e+02,8.485948336141191248e+02,3.955914343387339382e+00
4.274052381515502930e+00,8.450727063539363826e+02,8.503737301415512775e+02,8.485826658080264906e+02,8.485826658080264906e+02,3.940523672836025337e+00
4.284060478210449219e+00,8.450520026026129017e+02,8.503116188875807211e+02,8.485704167909093485e+02,8.485704167909093485e+02,3.925687601154545181e+00
4.294068098068237305e+00,8.450312998377224858e+02,8.502495105929094734e+02,8.485580894174254354e+02,8.485580894174254354e+02,3.911412830727167389e+00
4.304074764251708984e+00,8.450105990456983136e+02,8.501874082168368432e+02,8.485456839557080002e+02,8.485456839557080002e+02,3.897702383527664960e+00
4.314082145690917969e+00,8.449898967740244871e+02,8.501253014018152498e+02,8.485331980027212921e+02,8.485331980027212921e+02,3.884556194816960240e+00
4.324087858200073242e+00,8.449484991357085164e+02,8.500839037634992792e+02,8.485206342070703158e+02,8.485206342070703158e+02,3.899225650576095603e+00
4.334094762802124023e+00,8.449070965652269933e+02,8.500425011930177561e+02,8.485079886438026051e+02,8.485079886438026051e+02,3.914224383610036551e+00
4.344102621078491211e+00,8.448656900490130965e+02,8.500010946768038593e+02,8.484952612494316782e+02,8.484952612494316782e+02,3.929544682262747113e+00
4.354110240936279297e+00,8.448242845192322648e+02,8.499596891470230275e+02,8.484824531916769956e+02,8.484824531916769956e+02,3.945177322228133665e+00
4.364118337631225586e+00,8.447828770165851893e+02,8.499182816443759521e+02,8.484695632118455251e+02,8.484695632118455251e+02,3.961116029489233359e+00
4.374125480651855469e+00,8.447414734596706012e+02,8.498768780874613640e+02,8.484565928171471114e+02,8.484565928171471114e+02,3.977351139812564718e+00
4.384134054183959961e+00,8.447000639841572820e+02,8.498354686119480448e+02,8.484435385697767060e+02,8.484435385697767060e+02,3.993879218939604403e+00
4.394138574600219727e+00,8.446586712780068638e+02,8.497940759057976265e+02,8.484304073120314342e+02,8.484304073120314342e+02,4.010683824983423129e+00
4.404145479202270508e+00,8.446172687075253407e+02,8.497526733353161035e+02,8.484171902723378480e+02,8.484171902723378480e+02,4.027768477734155361e+00
4.414153814315795898e+00,8.445758602184452002e+02,8.497112648462359630e+02,8.484038883192351932e+02,8.484038883192351932e+02,4.045124537488361760e+00
4.424160242080688477e+00,8.445344596208299208e+02,8.496698642486206836e+02,8.483905055505271093e+02,8.483905055505271093e+02,4.062739087158064422e+00
4.434166908264160156e+00,8.444930580367814628e+02,8.496284626645722255e+02,8.483770387721765474e+02,8.483770387721765474e+02,4.080608791758760567e+00
4.444172859191894531e+00,8.444516594120324271e+02,8.495870640398231899e+02,8.483634889278708897e+02,8.483634889278708897e+02,4.098724949978232779e+00
4.454180002212524414e+00,8.444102558551178390e+02,8.495456604829086018e+02,8.483498530822357679e+02,8.483498530822357679e+02,4.117084120031941907e+00
4.464187145233154297e+00,8.443688522982032509e+02,8.495042569259940137e+02,8.483361324973602677e+02,8.483361324973602677e+02,4.135677315675662769e+00
4.474194288253784180e+00,8.443274487412886629e+02,8.494628533690794256e+02,8.483223268253522065e+02,8.483223268253522065e+02,4.154497767898974736e+00
4.484203338623046875e+00,8.442860372929092136e+02,8.494214419206999764e+02,8.483084330618387412e+02,8.483084330618387412e+02,4.173542433210156943e+00
4.494208335876464844e+00,8.442446426138925517e+02,8.493800472416833145e+02,8.482944591589541687e+02,8.482944591589541687e+02,4.192793285390821190e+00
4.504216432571411133e+00,8.442032351112454762e+02,8.493386397390362390e+02,8.482803947890652125e+02,8.482803947890652125e+02,4.212257519736692934e+00
4.514224290847778320e+00,8.441618285950315794e+02,8.492765299647153370e+02,8.482662442552368702e+02,8.482662442552368702e+02,4.226926203107270297e+00
4.524229764938354492e+00,8.441204319431486738e+02,8.492144349868910922e+02,8.482520102742073504e+02,8.482520102742073504e+02,4.242192927397100632e+00
4.534238100051879883e+00,8.440790234540685333e+02,8.491523222532708814e+02,8.482376850257862770e+02,8.482376850257862770e+02,4.258054406179261342e+00
4.544243812561035156e+00,8.440376258157525626e+02,8.490695269766389401e+02,8.482232760031272392e+02,8.482232760031272392e+02,4.270340525208635718e+00
4.554250955581665039e+00,8.439962222588379746e+02,8.489867198628096503e+02,8.482087770317081095e+02,8.482087770317081095e+02,4.283784864216833022e+00
4.564258098602294922e+00,8.439548187019233865e+02,8.489246145274377113e+02,8.481941898112461331e+02,8.481941898112461331e+02,4.301835383715179262e+00
4.574266433715820312e+00,8.439134102128432460e+02,8.488625017938175006e+02,8.481795122334503958e+02,8.481795122334503958e+02,4.320428357211684833e+00
4.584272146224975586e+00,8.438720125745272753e+02,8.488004053363436014e+02,8.481647495563292978e+02,8.481647495563292978e+02,4.339544799353537208e+00
4.594279766082763672e+00,8.438306070447464435e+02,8.487382970416723538e+02,8.481498947496908158e+02,8.481498947496908158e+02,4.359181521259782421e+00
4.604286432266235352e+00,8.437892054606979855e+02,8.486761946655997235e+02,8.481349516907555426e+02,8.481349516907555426e+02,4.379321209260362835e+00
4.614294528961181641e+00,8.437477979580509100e+02,8.486140834116291671e+02,8.481199164552424463e+02,8.481199164552424463e+02,4.399956946865377638e+00
4.624301671981811523e+00,8.437063944011363219e+02,8.485312762977998773e+02,8.481047922603015650e+02,8.481047922603015650e+02,4.419026177988794934e+00
4.634307861328125000e+00,8.436649947899541075e+02,8.484484770754355623e+02,8.480895787729718904e+02,8.480895787729718904e+02,4.439116062268344542e+00
4.644315004348754883e+00,8.436235912330395195e+02,8.483656699616062724e+02,8.480742727337975566e+02,8.480742727337975566e+02,4.460210551707668003e+00
4.654323339462280273e+00,8.435821827439593790e+02,8.482621487389058075e+02,8.480588733885253987e+02,8.480588733885253987e+02,4.481303381296250166e+00
4.664330959320068359e+00,8.435407772141785472e+02,8.481586349144537280e+02,8.480433833043955474e+02,8.480433833043955474e+02,4.504080875970171149e+00
4.674338340759277344e+00,8.434993726708307804e+02,8.480344212844105414e+02,8.480278013948459375e+02,8.480278013948459375e+02,4.528433562659762934e+00
4.684343576431274414e+00,8.434579770053810535e+02,8.479102342880612468e+02,8.480121303004927995e+02,8.480121303004927995e+02,4.555293078686225350e+00
4.694351434707641602e+00,8.434165704891671567e+02,8.477860147394194428e+02,8.479963621831341243e+02,8.479963621831341243e+02,4.584619723292885141e+00
4.705358505249023438e+00,8.433710298317903380e+02,8.476493927672889868e+02,8.479789119915591300e+02,8.479789119915591300e+02,4.619649436643337381e+00
4.715366601943969727e+00,8.433296223291432625e+02,8.475251702593477603e+02,8.479629471753303278e+02,8.479629471753303278e+02,4.653960437999188571e+00
4.725372552871704102e+00,8.432882237043942268e+02,8.474009743851005396e+02,8.479468917507645074e+02,8.479468917507645074e+02,4.690545142774448450e+00
4.735379695892333984e+00,8.432468201474796388e+02,8.472974654928140126e+02,8.479307400097087566e+02,8.479307400097087566e+02,4.726535929148609760e+00
4.745387077331542969e+00,8.432054156041318720e+02,8.471939541344446525e+02,8.479144931047576392e+02,8.479144931047576392e+02,4.763883637814794625e+00
4.756396055221557617e+00,8.431598670552901922e+02,8.470800827623404530e+02,8.478965101934709310e+02,8.478965101934709310e+02,4.806489568154391989e+00
4.766401529312133789e+00,8.431184704034072865e+02,8.469765911326333025e+02,8.478800661899542774e+02,8.478800661899542774e+02,4.846551517694121181e+00
4.776408672332763672e+00,8.430770668464926985e+02,8.468730822403467755e+02,8.478635235356584872e+02,8.478635235356584872e+02,4.887856544204081111e+00
4.786419153213500977e+00,8.430356494795145181e+02,8.467902475063904149e+02,8.478468790303161313e+02,8.478468790303161313e+02,4.925890779124144636e+00
4.797423601150512695e+00,8.429901196729018693e+02,8.466991878931652309e+02,8.478284702323351212e+02,8.478284702323351212e+02,4.968391564433009222e+00
4.807431459426879883e+00,8.429487131566879725e+02,8.466163748607373236e+02,8.478116266830336372e+02,8.478116266830336372e+02,5.007649636647744096e+00
4.817438125610351562e+00,8.429073115726395145e+02,8.465335716926405212e+02,8.477946877096746903e+02,8.477946877096746903e+02,5.047460659904245084e+00
4.827445507049560547e+00,8.428659070292917477e+02,8.464507626059451013e+02,8.477776497185445805e+02,8.477776497185445805e+02,5.087813445382135313e+00
4.837452173233032227e+00,8.428245054452432896e+02,8.463679594378482989e+02,8.477605147725371353e+02,8.477605147725371353e+02,5.128683889586311828e+00
4.847459077835083008e+00,8.427831028747617665e+02,8.462851542968852527e+02,8.477432808723513062e+02,8.477432808723513062e+02,5.170057918229904459e+00
4.857466220855712891e+00,8.427416993178471785e+02,8.462023471830559629e+02,8.477259476369628146e+02,8.477259476369628146e+02,5.211918039431568950e+00
4.867473363876342773e+00,8.427002957609325904e+02,8.461402418476840239e+02,8.477085151011316384e+02,8.477085151011316384e+02,5.248022671161296948e+00
4.877481460571289062e+00,8.426588882582855149e+02,8.460781305937134675e+02,8.476909812139438145e+02,8.476909812139438145e+02,5.284245134128743082e+00
4.887487649917602539e+00,8.426174886471033005e+02,8.460160311769401460e+02,8.476733506260928834e+02,8.476733506260928834e+02,5.320568400756858551e+00
4.897495508193969727e+00,8.425760821308894037e+02,8.459539214026192440e+02,8.476556166631421547e+02,8.476556166631421547e+02,5.356998956881950491e+00
4.907502412796020508e+00,8.425346795604078807e+02,8.458918175468969594e+02,8.476377835842308741e+02,8.476377835842308741e+02,5.393520935481934231e+00
4.917510509490966797e+00,8.424932720577608052e+02,8.458297062929264030e+02,8.476198471837275292e+02,8.476198471837275292e+02,5.430135995635742674e+00
4.927515983581542969e+00,8.424518754058778995e+02,8.457676113151021582e+02,8.476018139413640711e+02,8.476018139413640711e+02,5.466824141443691332e+00
4.937524080276489258e+00,8.424104679032308240e+02,8.457055000611316018e+02,8.475836740240949894e+02,8.475836740240949894e+02,5.503598732111568026e+00
4.947531700134277344e+00,8.423690623734499923e+02,8.456433917664603541e+02,8.475654326368485272e+02,8.475654326368485272e+02,5.540442673810016316e+00
4.957540273666381836e+00,8.423276528979366731e+02,8.455812775531903753e+02,8.475470867839924267e+02,8.475470867839924267e+02,5.577355647868765587e+00
4.967544317245483398e+00,8.422862621646524985e+02,8.455191914532640567e+02,8.475286461909113314e+02,8.475286461909113314e+02,5.614311945503816403e+00
4.977552413940429688e+00,8.422448546620054231e+02,8.454570801992935003e+02,8.475100946616281590e+02,8.475100946616281590e+02,5.651337950979616664e+00
4.987558603286743164e+00,8.422034550508232087e+02,8.453949807825201788e+02,8.474914428288329873e+02,8.474914428288329873e+02,5.688406442230625970e+00
4.997569084167480469e+00,8.421620376838450284e+02,8.453328547320529651e+02,8.474726787168829105e+02,8.474726787168829105e+02,5.725535334607513072e+00
5.007574081420898438e+00,8.421206430048283664e+02,8.452707627135280291e+02,8.474538202834003187e+02,8.474538202834003187e+02,5.762683423376026681e+00
5.017581462860107422e+00,8.420792384614805997e+02,8.452086558985064357e+02,8.474348523622010134e+02,8.474348523622010134e+02,5.799875080426816432e+00
5.027588367462158203e+00,8.420378358909990766e+02,8.451465520427841511e+02,8.474157799606510935e+02,8.474157799606510935e+02,5.837094976058899043e+00
5.037595510482788086e+00,8.419964323340844885e+02,8.450844467074122122e+02,8.473966013332142211e+02,8.473966013332142211e+02,5.874341174359848594e+00
5.048585653305053711e+00,8.419509617134584687e+02,8.450162407764731824e+02,8.473754164644533375e+02,8.473754164644533375e+02,5.915270008405993707e+00
5.058592557907104492e+00,8.419095591429769456e+02,8.449541369207508978e+02,8.473560151071324071e+02,8.473560151071324071e+02,5.952554190572306503e+00
5.068599939346313477e+00,8.418681545996291788e+02,8.448920301057293045e+02,8.473365058496231086e+02,8.473365058496231086e+02,5.989852006168043808e+00
5.078606843948364258e+00,8.418267520291476558e+02,8.448299262500070199e+02,8.473168901622937028e+02,8.473168901622937028e+02,6.027155732353416617e+00
5.088613986968994141e+00,8.417853484722330677e+02,8.447678209146350810e+02,8.472971662574454967e+02,8.472971662574454967e+02,6.064463963169439253e+00
5.098621606826782227e+00,8.417439429424522359e+02,8.447678209146350810e+02,8.472773332634247936e+02,8.472773332634247936e+02,6.075858842415683192e+00
5.108628511428833008e+00,8.417025403719707128e+02,8.447678209146350810e+02,8.472573931557583364e+02,8.472573931557583364e+02,6.087229204927688819e+00
5.118635416030883789e+00,8.416611378014891898e+02,8.447678209146350810e+02,8.472373441293752876e+02,8.472373441293752876e+02,6.098575400804500113e+00
5.128642320632934570e+00,8.416197352310076667e+02,8.447678209146350810e+02,8.472171857921573519e+02,8.472171857921573519e+02,6.109896978489458341e+00
5.138649463653564453e+00,8.415783316740930786e+02,8.447678209146350810e+02,8.471969172671176693e+02,8.471969172671176693e+02,6.121193768848336880e+00
5.148656845092773438e+00,8.415369271307453118e+02,8.447678209146350810e+02,8.471765381529264687e+02,8.471765381529264687e+02,6.132465345646013866e+00
5.158663988113403320e+00,8.414955235738307238e+02,8.447678209146350810e+02,8.471560490264735108e+02,8.471560490264735108e+02,6.143710760948319916e+00
5.168671131134033203e+00,8.414541200169161357e+02,8.447679017809572315e+02,8.471354490087535396e+02,8.471354490087535396e+02,6.154898779780070051e+00
5.178678035736083984e+00,8.414127174464346126e+02,8.447679826453527312e+02,8.471147381990758731e+02,8.471147381990758731e+02,6.166060516446624895e+00
5.188685417175292969e+00,8.413713129030868458e+02,8.447680635136014189e+02,8.470939147169983698e+02,8.470939147169983698e+02,6.177196398118365295e+00
5.198709487915039062e+00,8.413298393094214589e+02,8.447681445167140737e+02,8.470729441418734496e+02,8.470729441418734496e+02,6.188324040373791135e+00
5.208717346191406250e+00,8.412884327932075621e+02,8.447682253888160631e+02,8.470518948988309376e+02,8.470518948988309376e+02,6.199406574336628672e+00
5.218724250793457031e+00,8.412470302227260390e+02,8.447683062532115628e+02,8.470307347857358309e+02,8.470307347857358309e+02,6.210460638065440797e+00
5.228730916976928711e+00,8.412056286386775810e+02,8.447683871156804116e+02,8.470094619115759542e+02,8.470094619115759542e+02,6.221486711421996496e+00
5.238736629486083984e+00,8.411642310003616103e+02,8.447684679704427708e+02,8.469880774178247975e+02,8.469880774178247975e+02,6.232483709814759187e+00
5.248745203018188477e+00,8.411228215248482911e+02,8.447685488483245990e+02,8.469665727189637892e+02,8.469665727189637892e+02,6.243455529963034323e+00
5.258753299713134766e+00,8.410814140222012156e+02,8.447686297223532392e+02,8.469449545451968788e+02,8.469449545451968788e+02,6.254398228393971415e+00
5.268758058547973633e+00,8.410400203296177324e+02,8.447687105694091088e+02,8.469232287407027115e+02,8.469232287407027115e+02,6.265308432846333098e+00
5.278765201568603516e+00,8.409986167727031443e+02,8.447687914357312593e+02,8.469013824942126121e+02,8.469013824942126121e+02,6.276192140601003722e+00
5.288773775100708008e+00,8.409572072971898251e+02,8.447688723136130875e+02,8.468794174189500836e+02,8.468794174189500836e+02,6.287048064707443373e+00
5.298780679702758789e+00,8.409158047267083020e+02,8.447689531780085872e+02,8.468573399177541887e+02,8.468573399177541887e+02,6.297872625036325722e+00
5.308786392211914062e+00,8.408744070883923314e+02,8.447690340327709464e+02,8.468351485844543731e+02,8.468351485844543731e+02,6.308666144562886657e+00
5.318793773651123047e+00,8.408330025450445646e+02,8.447691149010196341e+02,8.468128366606999862e+02,8.468128366606999862e+02,6.319431515709890590e+00
5.328802108764648438e+00,8.407915940559644241e+02,8.447691957769749251e+02,8.467904052898095415e+02,8.467904052898095415e+02,6.330167779299339159e+00
5.338809490203857422e+00,8.407501895126166573e+02,8.447692766452236128e+02,8.467678583405995596e+02,8.467678583405995596e+02,6.340872725135627164e+00
5.348814964294433594e+00,8.407087928607337517e+02,8.447693574980593212e+02,8.467451976056472631e+02,8.467451976056472631e+02,6.351545195869071847e+00
5.358822107315063477e+00,8.406673893038191636e+02,8.447694383643814717e+02,8.467224145822378887e+02,8.467224145822378887e+02,6.362188870962769194e+00
5.368829011917114258e+00,8.406259867333376405e+02,8.447695192287769714e+02,8.466995131794490135e+02,8.466995131794490135e+02,6.372801592803978288e+00
5.378836870193481445e+00,8.405845802171237438e+02,8.447696001008789608e+02,8.466764902476883208e+02,8.466764902476883208e+02,6.383384513915163261e+00
5.388843297958374023e+00,8.405431796195084644e+02,8.447696809614211588e+02,8.466533508710298292e+02,8.466533508710298292e+02,6.393935020883720455e+00
5.398851633071899414e+00,8.405017711304283239e+02,8.447697618373764499e+02,8.466300869122756012e+02,8.466300869122756012e+02,6.404456550429313388e+00
5.408859252929687500e+00,8.404603656006474921e+02,8.447698427075517884e+02,8.466067040354461142e+02,8.466067040354461142e+02,6.414946273586123127e+00
5.418864965438842773e+00,8.404189679623315214e+02,8.447699235623141476e+02,8.465832046621171685e+02,8.465832046621171685e+02,6.425402900821636010e+00
5.428872823715209961e+00,8.403775614461176247e+02,8.447700044344161370e+02,8.465595788569441993e+02,8.465595788569441993e+02,6.435830628716820989e+00
5.438878774642944336e+00,8.403361628213685890e+02,8.447700852911051470e+02,8.465358357714383146e+02,8.465358357714383146e+02,6.446225209114483157e+00
5.448887586593627930e+00,8.402947523594222048e+02,8.447701661709136260e+02,8.465119636600604736e+02,8.465119636600604736e+02,6.456591581475667141e+00
5.458892822265625000e+00,8.402533566939724778e+02,8.447702470218226836e+02,8.464879774758558142e+02,8.464879774758558142e+02,6.466923086492095685e+00
5.468900442123413086e+00,8.402119511641916461e+02,8.447703278919980221e+02,8.464638625368663725e+02,8.464638625368663725e+02,6.477225903513706307e+00
5.478907108306884766e+00,8.401705495801431880e+02,8.447704087544668710e+02,8.464396264447308340e+02,8.464396264447308340e+02,6.487496622858329509e+00
5.488914251327514648e+00,8.401291460232285999e+02,8.447704896207890215e+02,8.464152653278174512e+02,8.464152653278174512e+02,6.497736762747125638e+00
5.498923063278198242e+00,8.400877355612822157e+02,8.447705705005975005e+02,8.463907758277416633e+02,8.463907758277416633e+02,6.507947595265000551e+00
5.508928775787353516e+00,8.400463379229662451e+02,8.447706513553598597e+02,8.463661692213593142e+02,8.463661692213593142e+02,6.518124339169365733e+00
5.518937826156616211e+00,8.400049264745867958e+02,8.447707322370949896e+02,8.463414292554072063e+02,8.463414292554072063e+02,6.528273632031647900e+00
5.528944969177246094e+00,8.399635229176722078e+02,8.447708131034171402e+02,8.463165684495427286e+02,8.463165684495427286e+02,6.538390254496578180e+00
5.538951396942138672e+00,8.399221223200569284e+02,8.447708939639593382e+02,8.462915834726179583e+02,8.462915834726179583e+02,6.548475544409437354e+00
5.548957347869873047e+00,8.398807236953078927e+02,8.447709748206483482e+02,8.462664733322984603e+02,8.462664733322984603e+02,6.558529882883272322e+00
5.559948682785034180e+00,8.398352481425163205e+02,8.447710636400873909e+02,8.462387442221424863e+02,8.462387442221424863e+02,6.569539430791876633e+00
5.569972991943359375e+00,8.397937735624177549e+02,8.447711446451266966e+02,8.462133208935915718e+02,8.462133208935915718e+02,6.579548637164793767e+00
5.580982923507690430e+00,8.397482210678435877e+02,8.447712336148426857e+02,8.461852502050767271e+02,8.461852502050767271e+02,6.590507342461998874e+00
5.590988159179687500e+00,8.397068254023938607e+02,8.447713144657517432e+02,8.461596065490913361e+02,8.461596065490913361e+02,6.600434791423802849e+00
5.600996494293212891e+00,8.396654169133137202e+02,8.447713953417070343e+02,8.461338263647439817e+02,8.461338263647439817e+02,6.610335779965026859e+00
5.611002683639526367e+00,8.396240173021315059e+02,8.447714762003225815e+02,8.461079227210607314e+02,8.461079227210607314e+02,6.620205343070023396e+00
5.621011018753051758e+00,8.395826088130513654e+02,8.447715570762778725e+02,8.460818840839253880e+02,8.460818840839253880e+02,6.630047957108990531e+00
5.631018400192260742e+00,8.395412042697035986e+02,8.447716379445265602e+02,8.460557180690477708e+02,8.460557180690477708e+02,6.639860827459868275e+00
