1.094961166381835938e-02,8.464727343794954777e+02,8.471733772566667540e+02,8.499999997547099611e+02,8.499999997547099611e+02,-1.958336753151435506e-03,0.000000000000000000e+00,4.520110150608167565e+00
2.255506515502929688e-01,8.391958081648043617e+02,8.675759500402673439e+02,8.499998109283184249e+02,8.499998109283184249e+02,-1.958336753151435506e-03,0.000000000000000000e+00,2.063121765181590206e+01
2.355573177337646484e-01,8.391877497787506854e+02,8.675949926014941411e+02,8.499997887869518536e+02,8.499997887869518536e+02,-1.958336753151435506e-03,0.000000000000000000e+00,2.065166784524066657e+01
2.565722465515136719e-01,8.436456498546829152e+02,8.638262535342710180e+02,8.499997367496705465e+02,8.499997367496705465e+02,-1.958336753151435506e-03,0.000000000000000000e+00,1.521666805394308675e+01
2.755854129791259766e-01,8.460554046805918915e+02,8.590068901255797300e+02,8.499996827522679723e+02,8.499996827522679723e+02,-1.958336753151435506e-03,0.000000000000000000e+00,9.832960600579383481e+00
2.949728965759277344e-01,8.444773833952315272e+02,8.572373314623218903e+02,8.499996203847371135e+02,8.499996203847371135e+02,-1.958336753151435506e-03,0.000000000000000000e+00,9.103821341110396759e+00
3.152413368225097656e-01,8.429893390304479226e+02,8.569856716553010756e+02,8.499995466977835576e+02,8.499995466977835576e+02,-1.958336753151435506e-03,0.000000000000000000e+00,9.896916361231939518e+00
3.349900245666503906e-01,8.428039356483335496e+02,8.573228484284156821e+02,8.499994659434298683e+02,8.499994659434298683e+02,-1.958336753151435506e-03,0.000000000000000000e+00,1.026681972419141609e+01
3.550641536712646484e-01,8.436274172505936804e+02,8.580486203818720696e+02,8.499993741493530024e+02,8.499993741493530024e+02,-1.958336753151435506e-03,0.000000000000000000e+00,1.026607031104740209e+01
3.755602836608886719e-01,8.440605378039495008e+02,8.583594078591697780e+02,8.499992696275246544e+02,8.499992696275246544e+02,-1.958336753151435506e-03,0.000000000000000000e+00,1.025477678570132234e+01
3.949520587921142578e-01,8.439176924200412486e+02,8.582727293816496967e+02,8.499991600268846241e+02,8.499991600268846241e+02,-1.958336753151435506e-03,0.000000000000000000e+00,1.026821299551158617e+01
4.150900840759277344e-01,8.437802087527443291e+02,8.581747446623626274e+02,8.499990344787361209e+02,8.499990344787361209e+02,-1.958336753151435506e-03,0.000000000000000000e+00,1.027209961093210389e+01
4.359173774719238281e-01,8.437864485512706096e+02,8.581779071856926748e+02,8.499988912774556411e+02,8.499988912774556411e+02,-1.958336753151435506e-03,0.000000000000000000e+00,1.027086879739604974e+01
4.554994106292724609e-01,8.438220845124961897e+02,8.582487150701365408e+02,8.499987435010035597e+02,8.499987435010035597e+02,-1.958336753151435506e-03,0.000000000000000000e+00,1.030597628329365989e+01
4.757575988769531250e-01,8.438374133360414362e+02,8.582626462014754907e+02,8.499985764346448605e+02,8.499985764346448605e+02,-1.958336753151435506e-03,0.000000000000000000e+00,1.030799591766685808e+01
4.954526424407958984e-01,8.438357610448247215e+02,8.581707133044114926e+02,8.499983994063562704e+02,8.499983994063562704e+02,-1.958336753151435506e-03,0.000000000000000000e+00,1.023546901824077615e+01
5.163209438323974609e-01,8.437657109258044557e+02,8.582017932620994998e+02,8.499981952467823021e+02,8.499981952467823021e+02,-1.958336753151435506e-03,0.000000000000000000e+00,1.030256672912876326e+01
5.352132320404052734e-01,8.438416361801615722e+02,8.582642477568608683e+02,8.499979949247592685e+02,8.499979949247592685e+02,-1.958336753151435506e-03,0.000000000000000000e+00,1.030687580581100349e+01
5.552258491516113281e-01,8.438413488013452479e+02,8.582685996540212727e+02,8.499977658347096394e+02,8.499977658347096394e+02,-1.958336753151435506e-03,0.000000000000000000e+00,1.031058498608921248e+01
5.756597518920898438e-01,8.438101481985968348e+02,8.582128706874402724e+02,8.499975130998616351e+02,8.499975130998616351e+02,-1.958336753151435506e-03,0.000000000000000000e+00,1.028472579669431219e+01
5.957586765289306641e-01,8.437932434102287971e+02,8.581669428403188249e+02,8.499972450341574586e+02,8.499972450341574586e+02,-1.958336753151435506e-03,0.000000000000000000e+00,1.025834286781775084e+01
6.148583889007568359e-01,8.437776796877753895e+02,8.582098023708558685e+02,8.499969715459541248e+02,8.499969715459541248e+02,-1.958336753151435506e-03,0.000000000000000000e+00,1.030195036755975480e+01
6.354870796203613281e-01,8.438010845074622921e+02,8.582249913214416210e+02,8.499966546829514300e+02,8.499966546829514300e+02,-1.958336753151435506e-03,0.000000000000000000e+00,1.030002978809918623e+01
6.551480293273925781e-01,8.438071141496836844e+02,8.582038705621368990e+02,8.499963309830770868e+02,8.499963309830770868e+02,-1.958336753151435506e-03,0.000000000000000000e+00,1.027959682830963750e+01
6.756005287170410156e-01,8.437410384519894251e+02,8.582226356211315306e+02,8.499959707585617252e+02,8.499959707585617252e+02,-1.958336753151435506e-03,0.000000000000000000e+00,1.033451464369965223e+01
6.957859992980957031e-01,8.437629782965484537e+02,8.582795267331309788e+02,8.499955907184341868e+02,8.499955907184341868e+02,-1.958336753151435506e-03,0.000000000000000000e+00,1.036672819635177412e+01
7.155101299285888672e-01,8.437560459828191597e+02,8.582804037493165197e+02,8.499951948255400112e+02,8.499951948255400112e+02,-1.958336753151435506e-03,0.000000000000000000e+00,1.037167610332345546e+01
7.349748611450195312e-01,8.436651321562615067e+02,8.583277822813820421e+02,8.499947793788001036e+02,8.499947793788001036e+02,-1.958336753151435506e-03,0.000000000000000000e+00,1.046438585566441937e+01
7.561552524566650391e-01,8.436546735026050783e+02,8.583180294390399467e+02,8.499942982206342776e+02,8.499942982206342776e+02,-1.958336753151435506e-03,0.000000000000000000e+00,1.046304654303458292e+01
7.760787010192871094e-01,8.436341204352227123e+02,8.583374815630195371e+02,8.499938168230360134e+02,8.499938168230360134e+02,-1.958336753151435506e-03,0.000000000000000000e+00,1.049106664922160626e+01
7.946903705596923828e-01,8.437419309333744195e+02,8.582965188778052834e+02,8.499933409205955286e+02,8.499933409205955286e+02,-1.958336753151435506e-03,0.000000000000000000e+00,1.039340613165009408e+01
8.157413005828857422e-01,8.436143276712028864e+02,8.583234189213792433e+02,8.499927709803064317e+02,8.499927709803064317e+02,-1.958336753151435506e-03,0.000000000000000000e+00,1.049210341950309200e+01
8.355877399444580078e-01,8.436191434791212487e+02,8.583383731581973279e+02,8.499922017166200021e+02,8.499922017166200021e+02,-1.958336753151435506e-03,0.000000000000000000e+00,1.050116417502134247e+01
8.569726943969726562e-01,8.435823837401093215e+02,8.583066086338806144e+02,8.499915522998155666e+02,8.499915522998155666e+02,-1.958336753151435506e-03,0.000000000000000000e+00,1.049845719453112203e+01
8.756682872772216797e-01,8.436313581098206669e+02,8.583166301041824227e+02,8.499909528303289790e+02,8.499909528303289790e+02,-1.958336753151435506e-03,0.000000000000000000e+00,1.047670497234110876e+01
8.957600593566894531e-01,8.436000823130179924e+02,8.583652170311386271e+02,8.499902744222617912e+02,8.499902744222617912e+02,-1.958336753151435506e-03,0.000000000000000000e+00,1.053443016470385274e+01
9.157924652099609375e-01,8.436336542945848578e+02,8.583558353484711461e+02,8.499895615666455342e+02,8.499895615666455342e+02,-1.958336753151435506e-03,0.000000000000000000e+00,1.050676421375755432e+01
9.352498054504394531e-01,8.435596526971605726e+02,8.583584790630018233e+02,8.499888331396252852e+02,8.499888331396252852e+02,-1.958336753151435506e-03,0.000000000000000000e+00,1.055392505395335156e+01
9.552228450775146484e-01,8.435943102315491160e+02,8.583757238267669436e+02,8.499880472350191667e+02,8.499880472350191667e+02,-1.958336753151435506e-03,0.000000000000000000e+00,1.054670524274267329e+01
9.758400917053222656e-01,8.435925622846766601e+02,8.583419326581338282e+02,8.499871940718430778e+02,8.499871940718430778e+02,-1.958336753151435506e-03,0.000000000000000000e+00,1.052107278459258310e+01
9.969503879547119141e-01,8.435348172315108286e+02,8.583987387553497683e+02,8.499862749087325255e+02,8.499862749087325255e+02,-1.958336753151435506e-03,0.000000000000000000e+00,1.060145528366860468e+01
1.016029357910156250e+00,8.435564201969514215e+02,8.583959039665494402e+02,8.499854032094431204e+02,8.499854032094431204e+02,-1.958336753151435506e-03,0.000000000000000000e+00,1.058623377600328652e+01
1.036070585250854492e+00,8.435961385443756626e+02,8.584041695798910041e+02,8.499844443127436762e+02,8.499844443127436762e+02,-1.958336753151435506e-03,0.000000000000000000e+00,1.056892729487733718e+01
1.056509971618652344e+00,8.435518931701892598e+02,8.583940654993018597e+02,8.499834193324716125e+02,8.499834193324716125e+02,-1.958336753151435506e-03,0.000000000000000000e+00,1.058789392276569252e+01
1.075615882873535156e+00,8.435087489971602963e+02,8.583373945532418929e+02,8.499824169680325667e+02,8.499824169680325667e+02,-1.958336753151435506e-03,0.000000000000000000e+00,1.056948567558742447e+01
1.095178604125976562e+00,8.435151504794596349e+02,8.583706303238250257e+02,8.499813450142092961e+02,8.499813450142092961e+02,-1.958336753151435506e-03,0.000000000000000000e+00,1.059206211119254526e+01
1.115310430526733398e+00,8.435383544548792543e+02,8.583790169375363348e+02,8.499801922769363500e+02,8.499801922769363500e+02,-1.958336753151435506e-03,0.000000000000000000e+00,1.058477823127096684e+01
1.136001348495483398e+00,8.435332090573010646e+02,8.583925039190705775e+02,8.499789535570188264e+02,8.499789535570188264e+02,-1.958336753151435506e-03,0.000000000000000000e+00,1.059884200516372132e+01
1.155156373977661133e+00,8.435285765551253689e+02,8.584130418007773642e+02,8.499777566144438197e+02,8.499777566144438197e+02,-1.958336753151435506e-03,0.000000000000000000e+00,1.061819003466640154e+01
1.176346063613891602e+00,8.434905710760056081e+02,8.583944515955963652e+02,8.499763747094324344e+02,8.499763747094324344e+02,-1.958336753151435506e-03,0.000000000000000000e+00,1.062683712271624259e+01
1.195768117904663086e+00,8.434792037021078386e+02,8.584043722866911139e+02,8.499750532447135356e+02,8.499750532447135356e+02,-1.958336753151435506e-03,0.000000000000000000e+00,1.064187393233054735e+01
1.215666770935058594e+00,8.435000607594583926e+02,8.584250841925681925e+02,8.499736434402906298e+02,8.499736434402906298e+02,-1.958336753151435506e-03,0.000000000000000000e+00,1.064585006069637529e+01
1.235281944274902344e+00,8.434148509319209097e+02,8.584373446672586851e+02,8.499721968525135480e+02,8.499721968525135480e+02,-1.958336753151435506e-03,0.000000000000000000e+00,1.070782485137842066e+01
1.255159616470336914e+00,8.434321224105182182e+02,8.583970553733706765e+02,8.499706717761062009e+02,8.499706717761062009e+02,-1.958336753151435506e-03,0.000000000000000000e+00,1.066567242767556678e+01
1.274808168411254883e+00,8.434107143868594676e+02,8.584574352086635827e+02,8.499691042525230387e+02,8.499691042525230387e+02,-1.958336753151435506e-03,0.000000000000000000e+00,1.072680008441531818e+01
1.295554161071777344e+00,8.433774050861759406e+02,8.584374814490390690e+02,8.499673827038594709e+02,8.499673827038594709e+02,-1.958336753151435506e-03,0.000000000000000000e+00,1.073174625839909169e+01
1.316004753112792969e+00,8.433732045087398319e+02,8.584791510653869864e+02,8.499656170903101611e+02,8.499656170903101611e+02,-1.958336753151435506e-03,0.000000000000000000e+00,1.076755145752432341e+01
1.335493087768554688e+00,8.433515322904554523e+02,8.584889987073740940e+02,8.499638695649117608e+02,8.499638695649117608e+02,-1.958336753151435506e-03,0.000000000000000000e+00,1.078892168508163962e+01
1.355854511260986328e+00,8.433470900398167487e+02,8.585371345823136835e+02,8.499619742878339821e+02,8.499619742878339821e+02,-1.958336753151435506e-03,0.000000000000000000e+00,1.083005390986987315e+01
1.375342845916748047e+00,8.433239905044822535e+02,8.585013741384084369e+02,8.499600921635424129e+02,8.499600921635424129e+02,-1.958336753151435506e-03,0.000000000000000000e+00,1.081625364918705401e+01
1.395588636398315430e+00,8.432664293963562159e+02,8.585038237295823365e+02,8.499580645948690290e+02,8.499580645948690290e+02,-1.958336753151435506e-03,0.000000000000000000e+00,1.085393849340005978e+01
1.416273593902587891e+00,8.432793573658378818e+02,8.584768106937212906e+02,8.499559151040230063e+02,8.499559151040230063e+02,-1.958336753151435506e-03,0.000000000000000000e+00,1.082506743082274525e+01
1.435381174087524414e+00,8.433158857992161757e+02,8.584975971843075513e+02,8.499538578561289341e+02,8.499538578561289341e+02,-1.958336753151435506e-03,0.000000000000000000e+00,1.081934169606545915e+01
1.455098390579223633e+00,8.432788618027498160e+02,8.585238453847669007e+02,8.499516611191420452e+02,8.499516611191420452e+02,-1.958336753151435506e-03,0.000000000000000000e+00,1.086317604573685180e+01
1.475905418395996094e+00,8.433111063453511633e+02,8.585101195693637237e+02,8.499492597295422911e+02,8.499492597295422911e+02,-1.958336753151435506e-03,0.000000000000000000e+00,1.083297750155124994e+01
1.496029376983642578e+00,8.432590840095917883e+02,8.585413965825966898e+02,8.499468539660103943e+02,8.499468539660103943e+02,-1.958336753151435506e-03,0.000000000000000000e+00,1.089001514132525550e+01
1.515264987945556641e+00,8.432856259380366737e+02,8.585290806875079852e+02,8.499444761691702297e+02,8.499444761691702297e+02,-1.958336753151435506e-03,0.000000000000000000e+00,1.086442456538460277e+01
1.536332368850708008e+00,8.431877944996097085e+02,8.585427817870265699e+02,8.499417822084151339e+02,8.499417822084151339e+02,-1.958336753151435506e-03,0.000000000000000000e+00,1.093588330780686668e+01
1.555171728134155273e+00,8.432344569887261514e+02,8.585056954767601383e+02,8.499392919530282597e+02,8.499392919530282597e+02,-1.958336753151435506e-03,0.000000000000000000e+00,1.087833081083370956e+01
1.575816631317138672e+00,8.432189136058379972e+02,8.585722787839242756e+02,8.499364730337354104e+02,8.499364730337354104e+02,-1.958336753151435506e-03,0.000000000000000000e+00,1.094087499345132386e+01
1.595648765563964844e+00,8.431800507226773789e+02,8.585721437444690309e+02,8.499336745492291811e+02,8.499336745492291811e+02,-1.958336753151435506e-03,-5.974457047700277613e-03,1.096515320584605568e+01
1.615966558456420898e+00,8.431653423017551177e+02,8.586106719143872397e+02,8.499307135105804036e+02,8.499307135105804036e+02,-1.958336753151435506e-03,-5.974457047700277613e-03,1.100508634609556502e+01
1.635688781738281250e+00,8.430869760991008661e+02,8.586356901234373709e+02,8.499277463112066471e+02,8.499277463112066471e+02,-1.958336753151435506e-03,-1.996585517861424689e-03,1.107359122108998228e+01
1.655113458633422852e+00,8.430101827492248958e+02,8.586723192762224244e+02,8.499247324914953197e+02,8.499247324914953197e+02,-1.958336753151435506e-03,-1.996585517861424689e-03,1.115039338743993724e+01
1.675963878631591797e+00,8.430036458367410432e+02,8.587221659252254540e+02,8.499213944315199569e+02,8.499213944315199569e+02,-1.958336753151435506e-03,-1.996585517861424689e-03,1.119414241936312493e+01
1.696192264556884766e+00,8.429472407143722421e+02,8.587221660483326104e+02,8.499180518784761489e+02,8.499180518784761489e+02,-1.958336753151435506e-03,-1.996585517861424689e-03,1.122963198869237189e+01
1.715453624725341797e+00,8.429607407869294775e+02,8.587430196443572186e+02,8.499147718874761495e+02,8.499147718874761495e+02,-1.958336753151435506e-03,-1.996585517861424689e-03,1.123817187109389160e+01
1.735143423080444336e+00,8.428958752609032672e+02,8.587855511791321987e+02,8.499113189423627546e+02,8.499113189423627546e+02,-1.958336753151435506e-03,-1.996585517861424689e-03,1.131231399139220706e+01
1.755673885345458984e+00,8.427549011655638651e+02,8.588319431712304777e+02,8.499076087691237262e+02,8.499076087691237262e+02,-1.958336753151435506e-03,-1.996585517861424689e-03,1.143700006918987100e+01
1.775746107101440430e+00,8.427769722287300738e+02,8.588656796925868093e+02,8.499038708712738526e+02,8.499038708712738526e+02,-1.958336753151435506e-03,-1.996585517861424689e-03,1.145018347498655054e+01
1.795834779739379883e+00,8.428416146684006662e+02,8.588479399528457634e+02,8.499000183111202205e+02,8.499000183111202205e+02,-1.958336753151435506e-03,-1.996585517861424689e-03,1.139676987966401711e+01
1.815553903579711914e+00,8.427891231187056746e+02,8.588950577562839044e+02,8.498961259302682265e+02,8.498961259302682265e+02,-1.958336753151435506e-03,-1.996585517861424689e-03,1.146692037876063353e+01
1.835329055786132812e+00,8.426853755391787217e+02,8.589145346723094008e+02,8.498921102497151878e+02,8.498921102497151878e+02,-1.958336753151435506e-03,-7.649752941997794945e-06,1.154734461464953554e+01
1.856353521347045898e+00,8.427160766830570537e+02,8.589191810769664244e+02,8.498877152256720819e+02,8.498877152256720819e+02,-1.958336753151435506e-03,0.000000000000000000e+00,1.153255283139935372e+01
1.875704050064086914e+00,8.426844422576868965e+02,8.589396036650543920e+02,8.498835535160984591e+02,8.498835535160984591e+02,-5.875010259454306952e-03,5.875010259454306952e-03,1.156889135619281817e+01
1.896031379699707031e+00,8.426458783527743890e+02,8.589625613204277670e+02,8.498790590631640498e+02,8.498790590631640498e+02,-9.791683765757177096e-03,5.875010259454306952e-03,1.161158544070826260e+01
1.915563583374023438e+00,8.426531965829258297e+02,8.589615746152805968e+02,8.498746198433931340e+02,8.498746198433931340e+02,-1.175002051890861390e-02,5.875010259454306952e-03,1.160696777514035105e+01
1.934834241867065430e+00,8.426237230492329218e+02,8.589741016877239872e+02,8.498701221649648687e+02,8.498701221649648687e+02,-1.175002051890861390e-02,9.791683765757177096e-03,1.163583874481328806e+01
1.954998970031738281e+00,8.425655603789016368e+02,8.589631510140843602e+02,8.498652881875009371e+02,8.498652881875009371e+02,-1.175002051890861390e-02,1.175002051890861390e-02,1.166435313641379956e+01
1.975532531738281250e+00,8.424658197754749835e+02,8.589178856689932218e+02,8.498602292476195998e+02,8.498602292476195998e+02,-1.175002051890861390e-02,1.566669402521148405e-02,1.169266570502179547e+01
1.996057033538818359e+00,8.424261801948279071e+02,8.588896511887480756e+02,8.498550323359122558e+02,8.498550323359122558e+02,-1.175002051890861390e-02,1.566669402521148405e-02,1.169667396955689753e+01
2.015423774719238281e+00,8.423212700563910857e+02,8.588099545669208510e+02,8.498499977451565428e+02,8.498499977451565428e+02,-7.833347012605742024e-03,1.566669402521148405e-02,1.170310073696131248e+01
2.035844087600708008e+00,8.421592164433203607e+02,8.587653748901152539e+02,8.498445492503371952e+02,8.498445492503371952e+02,-5.875010259454306952e-03,1.566669402521148405e-02,1.177478112110500774e+01
2.055527448654174805e+00,8.420821479744681710e+02,8.586147754732380690e+02,8.498391590014223311e+02,8.498391590014223311e+02,-5.875010259454306952e-03,1.566669402521148405e-02,1.171250035358343666e+01
2.075566768646240234e+00,8.423230768666577433e+02,8.583321844936174330e+02,8.498335293093125529e+02,8.498335293093125529e+02,-5.875010259454306952e-03,1.566669402521148405e-02,1.134169457511053913e+01
2.095309495925903320e+00,8.541445791828438132e+02,8.492503410100696328e+02,8.498278404915635065e+02,8.498278404915635065e+02,-5.875010259454306952e-03,1.566669402521148405e-02,4.355196732631272383e+00
2.115201234817504883e+00,8.697065133772327954e+02,8.366846314770095887e+02,8.498219633326101530e+02,8.498219633326101530e+02,-5.875010259454306952e-03,5.875010259454306952e-03,2.383243207818454579e+01
2.135329484939575195e+00,8.820894512084141752e+02,8.260564192975332389e+02,8.498158652411120784e+02,8.498158652411120784e+02,-5.875010259454306952e-03,5.875010259454306952e-03,4.007612285057879120e+01
2.155162811279296875e+00,8.933559013408571445e+02,8.159711234554843031e+02,8.498097054036536520e+02,8.498097054036536520e+02,-5.875010259454306952e-03,5.875010259454306952e-03,5.514817140091129488e+01
2.175661087036132812e+00,9.028686904003482141e+02,8.072267356258307700e+02,8.498031788099494861e+02,8.498031788099494861e+02,-5.875010259454306952e-03,5.875010259454306952e-03,6.803456499869189145e+01
2.195523262023925781e+00,9.046938932899782913e+02,8.053031005581676709e+02,8.497966968166392689e+02,8.497966968166392689e+02,-3.916673506302871012e-03,0.000000000000000000e+00,7.066386833909012921e+01
2.216284751892089844e+00,9.034894840454163614e+02,8.061913393604068006e+02,8.497897524188699663e+02,8.497897524188699663e+02,-3.916673506302871012e-03,-1.996585517861424689e-03,6.916995589111994036e+01
2.235408067703247070e+00,9.022566442028314668e+02,8.072384338471583760e+02,8.497832007540534960e+02,8.497832007540534960e+02,-3.916673506302871012e-03,-1.996585517861424689e-03,6.755382637966658876e+01
2.255141735076904297e+00,9.020618848410381361e+02,8.073595467902152905e+02,8.497762814631598758e+02,8.497762814631598758e+02,-3.916673506302871012e-03,-3.985521282780851368e-03,6.732728793664404066e+01
2.275325775146484375e+00,9.020809989529126369e+02,8.072048665244685708e+02,8.497690350907612356e+02,8.497690350907612356e+02,-3.916673506302871012e-03,-3.985521282780851368e-03,6.744071477123304703e+01
2.295758485794067383e+00,9.021131295234080198e+02,8.071343356348390898e+02,8.497615224316228932e+02,8.497615224316228932e+02,-3.916673506302871012e-03,-3.985521282780851368e-03,6.751124216973457237e+01
2.315942287445068359e+00,9.020189070709864154e+02,8.072376341050658084e+02,8.497539236682320052e+02,8.497539236682320052e+02,-3.916673506302871012e-03,-3.985521282780851368e-03,6.737405560235474411e+01
2.335072278976440430e+00,8.903812632444119117e+02,8.174412333763145853e+02,8.497465561762148809e+02,8.497465561762148809e+02,-3.916673506302871012e-03,-5.974457047700277613e-03,5.191159118851916077e+01
2.355010509490966797e+00,8.777064352651593708e+02,8.282022446209941791e+02,8.497387034259846814e+02,8.497387034259846814e+02,-1.958336753151435506e-03,-5.974457047700277613e-03,3.529891049433450689e+01
2.375623941421508789e+00,8.624358398493591267e+02,8.406439745567395221e+02,8.497303952044345579e+02,8.497303952044345579e+02,-1.958336753151435506e-03,-5.974457047700277613e-03,1.562022291172891819e+01
2.395544290542602539e+00,8.507730672897355362e+02,8.498070696666711683e+02,8.497221804458982888e+02,8.497221804458982888e+02,0.000000000000000000e+00,-3.985521282780851368e-03,1.054309887250251432e+00
2.416048526763916016e+00,8.430079952622146493e+02,8.556263848788946689e+02,8.497135311683271084e+02,8.497135311683271084e+02,0.000000000000000000e+00,-3.985521282780851368e-03,8.940137067782350400e+00
2.435178756713867188e+00,8.422628153911891786e+02,8.562361556305716022e+02,8.497052816411498952e+02,8.497052816411498952e+02,-1.958336753151435506e-03,-7.963392812619703859e-03,9.901647284543583893e+00
2.455185651779174805e+00,8.438366623073168284e+02,8.549711004071434672e+02,8.496964656088840684e+02,8.496964656088840684e+02,-1.958336753151435506e-03,-7.963392812619703859e-03,7.884102167531017891e+00
2.475986242294311523e+00,8.442960963047037239e+02,8.545098006517594058e+02,8.496870925343669114e+02,8.496870925343669114e+02,-1.958336753151435506e-03,-7.963392812619703859e-03,7.233350118292778852e+00
2.496132373809814453e+00,8.442074828145174479e+02,8.546540349735544169e+02,8.496778099190582907e+02,8.496778099190582907e+02,-1.958336753151435506e-03,-7.963392812619703859e-03,7.395085829364603569e+00
2.516141653060913086e+00,8.441824468233744483e+02,8.547225877161142762e+02,8.496683882923910005e+02,8.496683882923910005e+02,-1.958336753151435506e-03,-7.963392812619703859e-03,7.459255030915632467e+00
2.535611867904663086e+00,8.441358055511645944e+02,8.546971077032649191e+02,8.496590244145294264e+02,8.496590244145294264e+02,-1.958336753151435506e-03,-7.963392812619703859e-03,7.475843085355988293e+00
2.555468797683715820e+00,8.440594979959461170e+02,8.547290565322871316e+02,8.496492725409895002e+02,8.496492725409895002e+02,0.000000000000000000e+00,-3.985521282780851368e-03,7.553130798725694817e+00
2.575560092926025391e+00,8.439815334225462493e+02,8.548139647544319359e+02,8.496391950307925072e+02,8.496391950307925072e+02,0.000000000000000000e+00,-3.985521282780851368e-03,7.667292649046267172e+00
2.595034122467041016e+00,8.439077350642479587e+02,8.548562068672883925e+02,8.496292222013523769e+02,8.496292222013523769e+02,0.000000000000000000e+00,-3.985521282780851368e-03,7.749631201417364501e+00
2.614781618118286133e+00,8.438752501442388620e+02,8.548722104042549290e+02,8.496189004783162773e+02,8.496189004783162773e+02,0.000000000000000000e+00,-3.985521282780851368e-03,7.783751302432083463e+00
2.635049581527709961e+00,8.437684560705606600e+02,8.549229529266508507e+02,8.496080850124742483e+02,8.496080850124742483e+02,0.000000000000000000e+00,-3.985521282780851368e-03,7.896143813557270796e+00
2.655182838439941406e+00,8.436861671842669921e+02,8.549815193798585824e+02,8.495971160051660718e+02,8.495971160051660718e+02,0.000000000000000000e+00,-3.985521282780851368e-03,7.995693569959288816e+00
2.675293207168579102e+00,8.436726801859279021e+02,8.550670020268416920e+02,8.495859320820524090e+02,8.495859320820524090e+02,0.000000000000000000e+00,-3.985521282780851368e-03,8.062795776074976217e+00
2.695806980133056641e+00,8.436057539104454008e+02,8.550699254977332657e+02,8.495742864517306998e+02,8.495742864517306998e+02,0.000000000000000000e+00,-7.963392812619703859e-03,8.113287201888612188e+00
2.714939594268798828e+00,8.434751146505798260e+02,8.552781860590050655e+02,8.495632059445352979e+02,8.495632059445352979e+02,0.000000000000000000e+00,-7.963392812619703859e-03,8.350200794730705312e+00
2.735397577285766602e+00,8.462900863542105299e+02,8.574225108646869558e+02,8.495511209234045964e+02,8.495511209234045964e+02,0.000000000000000000e+00,-7.963392812619703859e-03,8.520159979084890978e+00
2.755258798599243164e+00,8.555798877998765875e+02,8.647149221140095960e+02,8.495391510740746526e+02,8.495391510740746526e+02,0.000000000000000000e+00,-7.963392812619703859e-03,1.633384605189421990e+01
2.775364875793457031e+00,8.694839978368037237e+02,8.752825496217533328e+02,8.495267923044981444e+02,8.495267923044981444e+02,0.000000000000000000e+00,-7.963392812619703859e-03,3.258295701197226180e+01
2.796582460403442383e+00,8.803657050047295343e+02,8.831360852130901549e+02,8.495134834485315878e+02,8.495134834485315878e+02,-1.958336753151435506e-03,-3.985521282780851368e-03,4.563265195417445597e+01
2.815323114395141602e+00,8.843260994001160498e+02,8.860450685798355153e+02,8.495014973595825722e+02,8.495014973595825722e+02,-1.958336753151435506e-03,-3.985521282780851368e-03,5.047955531510977778e+01
2.835450649261474609e+00,8.812651687313216371e+02,8.841886286921564988e+02,8.494883798965786355e+02,8.494883798965786355e+02,-1.958336753151435506e-03,-3.985521282780851368e-03,4.705179672576649352e+01
2.855636596679687500e+00,8.743744839875366779e+02,8.795976615307286011e+02,8.494749669636669296e+02,8.494749669636669296e+02,-1.958336753151435506e-03,-3.985521282780851368e-03,3.908148763804246784e+01
2.875865697860717773e+00,8.690089765608074686e+02,8.760671358768020127e+02,8.494612634149250425e+02,8.494612634149250425e+02,-1.958336753151435506e-03,-3.985521282780851368e-03,3.301492902750765523e+01
2.895958185195922852e+00,8.674263413268861314e+02,8.748967258497070816e+02,8.494473895112610080e+02,8.494473895112610080e+02,-1.958336753151435506e-03,-3.985521282780851368e-03,3.115945167129745386e+01
2.915047645568847656e+00,8.688770895081595427e+02,8.759923384789578904e+02,8.494339624477672714e+02,8.494339624477672714e+02,-1.958336753151435506e-03,-3.985521282780851368e-03,3.291477673174586016e+01
2.934985399246215820e+00,8.722138625699060412e+02,8.784723410316578338e+02,8.494196798939467499e+02,8.494196798939467499e+02,-1.958336753151435506e-03,-3.985521282780851368e-03,3.692738662629228941e+01
2.956069231033325195e+00,8.746291649321735804e+02,8.802490070095068404e+02,8.494042850570465362e+02,8.494042850570465362e+02,-1.958336753151435506e-03,-3.985521282780851368e-03,3.984584591948294729e+01
2.975227117538452148e+00,8.752982181651352676e+02,8.808141525213659406e+02,8.493900336219438714e+02,8.493900336219438714e+02,0.000000000000000000e+00,-7.963392812619703859e-03,4.072725469423487965e+01
2.995784759521484375e+00,8.744834288937324800e+02,8.804740749133909503e+02,8.493744590530345704e+02,8.493744590530345704e+02,0.000000000000000000e+00,-7.963392812619703859e-03,3.997057008753824903e+01
3.015947341918945312e+00,8.734839565587958532e+02,8.798058308333404511e+02,8.493588968792805645e+02,8.493588968792805645e+02,0.000000000000000000e+00,-7.963392812619703859e-03,3.884629057893506143e+01
3.034766912460327148e+00,8.730326174214621915e+02,8.796769979044941010e+02,8.493441118300884227e+02,8.493441118300884227e+02,0.000000000000000000e+00,-7.963392812619703859e-03,3.848674154504925582e+01
3.055896759033203125e+00,8.730894015501512513e+02,8.798492751863939247e+02,8.493272096254487451e+02,8.493272096254487451e+02,0.000000000000000000e+00,-3.985521282780851368e-03,3.868123900772870627e+01
3.075990915298461914e+00,8.735012026881140628e+02,8.802391894796567158e+02,8.493108358131050863e+02,8.493108358131050863e+02,-1.958336753151435506e-03,-7.963392812619703859e-03,3.926495778771230505e+01
3.096149682998657227e+00,8.735290466457531693e+02,8.804777358453566194e+02,8.492941118079186253e+02,8.492941118079186253e+02,-1.958336753151435506e-03,-7.963392812619703859e-03,3.949367638878871389e+01
3.115441083908081055e+00,8.733988205364862552e+02,8.804682639774050585e+02,8.492778250320387770e+02,8.492778250320387770e+02,-1.958336753151435506e-03,-7.963392812619703859e-03,3.942925190426768722e+01
3.135826587677001953e+00,8.731949126936447101e+02,8.805024738437361975e+02,8.492603109487072288e+02,8.492603109487072288e+02,-1.958336753151435506e-03,-3.985521282780851368e-03,3.935654841380642921e+01
3.155996799468994141e+00,8.730341996087798861e+02,8.807083525461684985e+02,8.492426711814598548e+02,8.492426711814598548e+02,-3.916673506302871012e-03,-3.985521282780851368e-03,3.944776202338162818e+01
3.175765752792358398e+00,8.728707579895080926e+02,8.808463158390561603e+02,8.492250789754077687e+02,8.492250789754077687e+02,-3.916673506302871012e-03,-3.985521282780851368e-03,3.948443689385503319e+01
3.194682598114013672e+00,8.726298480081529760e+02,8.808077729085239298e+02,8.492079606829572640e+02,8.492079606829572640e+02,-3.916673506302871012e-03,-3.985521282780851368e-03,3.933361079999185961e+01
3.215184926986694336e+00,8.725767621256179609e+02,8.809325025804105280e+02,8.491890900331545708e+02,8.491890900331545708e+02,-3.916673506302871012e-03,-3.985521282780851368e-03,3.942876419633105911e+01
3.235262632369995117e+00,8.726175902425668482e+02,8.811141342385378721e+02,8.491702863764953690e+02,8.491702863764953690e+02,-9.791683765757177096e-03,0.000000000000000000e+00,3.962556592430205171e+01
3.255416154861450195e+00,8.726304649391995554e+02,8.811793192716738758e+02,8.491510857315922749e+02,8.491510857315922749e+02,-1.175002051890861390e-02,0.000000000000000000e+00,3.971257976602161222e+01
3.275871038436889648e+00,8.725165073188117049e+02,8.811794340607232243e+02,8.491312601895651824e+02,8.491312601895651824e+02,-1.175002051890861390e-02,0.000000000000000000e+00,3.967310463994354564e+01
3.295596122741699219e+00,8.723663997195635602e+02,8.812403987416796554e+02,8.491118160468352016e+02,8.491118160468352016e+02,-1.175002051890861390e-02,0.000000000000000000e+00,3.966133492170155250e+01
3.315767049789428711e+00,8.722612524377332193e+02,8.813607223739752499e+02,8.490915977263884997e+02,8.490915977263884997e+02,-1.175002051890861390e-02,0.000000000000000000e+00,3.972567563886646980e+01
3.335764169692993164e+00,8.722257623224923009e+02,8.814888937523185177e+02,8.490712158454934979e+02,8.490712158454934979e+02,-1.175002051890861390e-02,0.000000000000000000e+00,3.983765634956640156e+01
3.355802536010742188e+00,8.719981212337391980e+02,8.815730839478221696e+02,8.490504508215619808e+02,8.490504508215619808e+02,-1.175002051890861390e-02,5.875010259454306952e-03,3.980348279750442231e+01
3.375570535659790039e+00,8.690712782290095220e+02,8.800360686849255671e+02,8.490296277230634132e+02,8.490296277230634132e+02,-1.370835727206004898e-02,7.833347012605742024e-03,3.691973911234928352e+01
3.395616054534912109e+00,8.584792722282027171e+02,8.729260534751078922e+02,8.490081654913344664e+02,8.490081654913344664e+02,-1.566669402521148405e-02,1.175002051890861390e-02,2.572483680075511003e+01
3.415697813034057617e+00,8.436032096440853820e+02,8.618204290358755770e+02,8.489863104870529469e+02,8.489863104870529469e+02,-1.566669402521148405e-02,1.370835727206004898e-02,1.391734075212614741e+01
3.435853958129882812e+00,8.306067922723200354e+02,8.516384878195792680e+02,8.489640143904518936e+02,8.489640143904518936e+02,-1.566669402521148405e-02,1.566669402521148405e-02,1.855102185911972512e+01
3.454973697662353516e+00,8.235734517422272347e+02,8.456960684606431187e+02,8.489425277301515962e+02,8.489425277301515962e+02,-1.370835727206004898e-02,1.958336753151435419e-02,2.557595578408865222e+01
3.474776506423950195e+00,8.247329363060971446e+02,8.467280740421415430e+02,8.489199238910024405e+02,8.489199238910024405e+02,-1.370835727206004898e-02,1.958336753151435419e-02,2.428609837319108067e+01
3.495397090911865234e+00,8.334475717298174686e+02,8.540178033556223909e+02,8.488960045902630327e+02,8.488960045902630327e+02,-1.370835727206004898e-02,2.154170428466578927e-02,1.627534639989364251e+01
3.515469789505004883e+00,8.426064148326122449e+02,8.614115047338079876e+02,8.488723424762988543e+02,8.488723424762988543e+02,-1.370835727206004898e-02,2.154170428466578927e-02,1.401757608704363633e+01
3.535234451293945312e+00,8.502362772264042405e+02,8.672815540001690806e+02,8.488486749074882027e+02,8.488486749074882027e+02,-1.370835727206004898e-02,2.154170428466578927e-02,1.848503372571586567e+01
3.554969787597656250e+00,8.522036029612163475e+02,8.686793208848619088e+02,8.488246737473410803e+02,8.488246737473410803e+02,-1.370835727206004898e-02,1.762503077836291912e-02,2.014011359421400726e+01
3.575601577758789062e+00,8.489119840645967088e+02,8.661625601916236974e+02,8.487991843312172477e+02,8.487991843312172477e+02,-1.370835727206004898e-02,1.566669402521148405e-02,1.736374225360408730e+01
3.595190286636352539e+00,8.420784724610172134e+02,8.608045103371616733e+02,8.487746031465480883e+02,8.487746031465480883e+02,-1.370835727206004898e-02,1.566669402521148405e-02,1.376796401696651095e+01
3.615586280822753906e+00,8.358809088306923059e+02,8.559366939589046979e+02,8.487486110322003015e+02,8.487486110322003015e+02,-1.370835727206004898e-02,1.566669402521148405e-02,1.473927732651343270e+01
3.636220693588256836e+00,8.323812078130008558e+02,8.530488496741627387e+02,8.487218977281710295e+02,8.487218977281710295e+02,-1.370835727206004898e-02,1.370835727206004898e-02,1.690386523983984191e+01
3.655673742294311523e+00,8.322646898304376464e+02,8.529980035739949926e+02,8.486963254453658010e+02,8.486963254453658010e+02,-1.370835727206004898e-02,7.833347012605742024e-03,1.698537852695965356e+01
3.676110744476318359e+00,8.353251991972338146e+02,8.554923042979562524e+02,8.486690495284367444e+02,8.486690495284367444e+02,-1.370835727206004898e-02,0.000000000000000000e+00,1.498716608673285045e+01
3.695636510848999023e+00,8.391192142798122404e+02,8.584881137008655969e+02,8.486425932625727455e+02,8.486425932625727455e+02,-1.175002051890861390e-02,-5.974457047700277613e-03,1.369777426993622171e+01
3.715297460556030273e+00,8.411399700766855858e+02,8.600593979986854265e+02,8.486155584165147729e+02,8.486155584165147729e+02,-1.175002051890861390e-02,-5.974457047700277613e-03,1.366915818216491019e+01
3.735256195068359375e+00,8.412502373009925805e+02,8.601861539727724448e+02,8.485877042640961463e+02,8.485877042640961463e+02,-1.175002051890861390e-02,-5.974457047700277613e-03,1.372452028594550200e+01
3.755214929580688477e+00,8.397455077749164047e+02,8.590079262136794114e+02,8.485594331181467851e+02,8.485594331181467851e+02,-1.175002051890861390e-02,-5.974457047700277613e-03,1.366953868729416044e+01
3.775504827499389648e+00,8.376062185087769194e+02,8.572483024737000505e+02,8.485302612135408253e+02,8.485302612135408253e+02,-1.175002051890861390e-02,-5.974457047700277613e-03,1.397637121821483852e+01
3.795570135116577148e+00,8.361109980130113399e+02,8.561550985273277092e+02,8.485009799554861729e+02,8.485009799554861729e+02,-9.791683765757177096e-03,-3.985521282780851368e-03,1.456355669631089711e+01
3.815146446228027344e+00,8.358959216038558679e+02,8.560532690725449356e+02,8.484719939691871105e+02,8.484719939691871105e+02,-1.175002051890861390e-02,-7.963392812619703859e-03,1.468445873469095098e+01
3.836034536361694336e+00,8.364875833432005265e+02,8.567623558313043759e+02,8.484406055823392308e+02,8.484406055823392308e+02,-1.175002051890861390e-02,-7.963392812619703859e-03,1.456455518907103119e+01
3.854756832122802734e+00,8.374955459876626946e+02,8.576048511441351820e+02,8.484120641747314266e+02,8.484120641747314266e+02,-1.175002051890861390e-02,-5.974457047700277613e-03,1.427156969619816707e+01
3.875549793243408203e+00,8.376163138220977089e+02,8.580546786088229965e+02,8.483799102020262808e+02,8.483799102020262808e+02,-9.791683765757177096e-03,-7.963392812619703859e-03,1.447259999983290157e+01
3.895672082901000977e+00,8.372595337673009226e+02,8.581860118044776300e+02,8.483483321457631519e+02,8.483483321457631519e+02,-9.791683765757177096e-03,-7.963392812619703859e-03,1.482367668784202763e+01
3.915697813034057617e+00,8.367746865055357830e+02,8.580263675279961717e+02,8.483164508704119271e+02,8.483164508704119271e+02,-9.791683765757177096e-03,-7.963392812619703859e-03,1.508293095361630343e+01
3.935516834259033203e+00,8.362887469179961499e+02,8.578271635604762650e+02,8.482844477794722025e+02,8.482844477794722025e+02,-9.791683765757177096e-03,-7.963392812619703859e-03,1.532841360464419722e+01
3.954305887222290039e+00,8.360298629385056302e+02,8.578908078248475704e+02,8.482536898198968629e+02,8.482536898198968629e+02,-1.175002051890861390e-02,-3.985521282780851368e-03,1.556585966362179541e+01
3.975205898284912109e+00,8.359003554867351795e+02,8.581403256205219350e+02,8.482189937166949676e+02,8.482189937166949676e+02,-1.175002051890861390e-02,-3.985521282780851368e-03,1.581713231235427308e+01
3.995348215103149414e+00,8.356738987222404376e+02,8.583369039305903243e+02,8.481850701334797122e+02,8.481850701334797122e+02,-1.175002051890861390e-02,-3.985521282780851368e-03,1.611177021700496326e+01
4.015777349472045898e+00,8.353317639200454323e+02,8.585205639582190997e+02,8.481501722550638078e+02,8.481501722550638078e+02,-1.175002051890861390e-02,-3.985521282780851368e-03,1.648807497314773585e+01
4.034474611282348633e+00,8.351710722243426517e+02,8.586136673484563744e+02,8.481177952788107177e+02,8.481177952788107177e+02,-1.175002051890861390e-02,-3.985521282780851368e-03,1.666676238360236439e+01
4.056222677230834961e+00,8.349583290306197796e+02,8.587463792282635495e+02,8.480796043679240483e+02,8.480796043679240483e+02,-1.175002051890861390e-02,-3.985521282780851368e-03,1.690999563567418562e+01
4.075606346130371094e+00,8.347258655387556701e+02,8.589770304285088969e+02,8.480450797390551543e+02,8.480450797390551543e+02,-1.175002051890861390e-02,-3.985521282780851368e-03,1.723104793070077889e+01
4.095758438110351562e+00,8.344552619839403178e+02,8.590939395206419249e+02,8.480086965209503660e+02,8.480086965209503660e+02,-1.175002051890861390e-02,-3.985521282780851368e-03,1.750937463506985026e+01
4.115830898284912109e+00,8.341387328327343766e+02,8.592250484396697630e+02,8.479719560825276403e+02,8.479719560825276403e+02,-1.175002051890861390e-02,-3.985521282780851368e-03,1.783227840397831443e+01
4.135426998138427734e+00,8.339987032222340986e+02,8.593989935588722346e+02,8.479356008742174708e+02,8.479356008742174708e+02,-1.175002051890861390e-02,-3.985521282780851368e-03,1.804567782058784431e+01
4.155440330505371094e+00,8.337708358513367557e+02,8.595551434177914416e+02,8.478979708380859392e+02,8.478979708380859392e+02,-1.175002051890861390e-02,-3.985521282780851368e-03,1.831572044684212486e+01
4.175333499908447266e+00,8.335260666790255755e+02,8.597129192290208266e+02,8.478600607826841724e+02,8.478600607826841724e+02,-1.175002051890861390e-02,-3.985521282780851368e-03,1.859982903987597425e+01
4.195815563201904297e+00,8.333708909260017208e+02,8.597602682372587424e+02,8.478204966933636797e+02,8.478204966933636797e+02,-1.175002051890861390e-02,-3.985521282780851368e-03,1.874431250680019545e+01
4.215919494628906250e+00,8.331248966947923691e+02,8.599484501188758259e+02,8.477811336230615780e+02,8.477811336230615780e+02,-1.175002051890861390e-02,-3.985521282780851368e-03,1.904859237862146060e+01
4.235138893127441406e+00,8.328581791071859470e+02,8.601360414574837705e+02,8.477430077652227283e+02,8.477430077652227283e+02,-1.175002051890861390e-02,-3.985521282780851368e-03,1.936867079271653225e+01
4.255738019943237305e+00,8.326036534887294920e+02,8.602703573890214557e+02,8.477016033205645726e+02,8.477016033205645726e+02,-1.175002051890861390e-02,-3.985521282780851368e-03,1.964488910525993148e+01
4.276107549667358398e+00,8.323643685711101625e+02,8.604062649114518990e+02,8.476601044942085537e+02,8.476601044942085537e+02,-1.175002051890861390e-02,-3.985521282780851368e-03,1.991040287918011131e+01
4.295883417129516602e+00,8.321928441524846676e+02,8.604865861928162758e+02,8.476192816347725056e+02,8.476192816347725056e+02,-1.175002051890861390e-02,-3.985521282780851368e-03,2.008836728020445861e+01
4.315372705459594727e+00,8.319852098140171393e+02,8.606069274130861686e+02,8.475785316731070225e+02,8.475785316731070225e+02,-1.175002051890861390e-02,-3.985521282780851368e-03,2.031971412590927883e+01
